Источник перечня;ID строки Directus;Slug;Услуга;Позиция прайса;Статус соответствия;Код по описанию услуги;Официальное название;Коды только для проверки протокола;Названия условных кодов;Основание и ограничения;Источник кода
Актуальный прайс Directus;5;volnewmer;Volnewmer — монополярный RF-лифтинг;300 импульсов;Код не установлен по имеющимся данным;;;;;"Название RF-лифтинга не позволяет автоматически выбрать A17.01.008 (токи ультравысокой частоты). Требуются инструкция/РУ аппарата, параметры и описание вмешательства; для Morpheus8 — также сведения об абляции/коагуляции. Код по сходству не назначен.";
Актуальный прайс Directus;6;volnewmer;Volnewmer — монополярный RF-лифтинг;400 импульсов;Код не установлен по имеющимся данным;;;;;"Название RF-лифтинга не позволяет автоматически выбрать A17.01.008 (токи ультравысокой частоты). Требуются инструкция/РУ аппарата, параметры и описание вмешательства; для Morpheus8 — также сведения об абляции/коагуляции. Код по сходству не назначен.";
Актуальный прайс Directus;7;volnewmer;Volnewmer — монополярный RF-лифтинг;500 импульсов;Код не установлен по имеющимся данным;;;;;"Название RF-лифтинга не позволяет автоматически выбрать A17.01.008 (токи ультравысокой частоты). Требуются инструкция/РУ аппарата, параметры и описание вмешательства; для Morpheus8 — также сведения об абляции/коагуляции. Код по сходству не назначен.";
Актуальный прайс Directus;8;volnewmer;Volnewmer — монополярный RF-лифтинг;600 импульсов;Код не установлен по имеющимся данным;;;;;"Название RF-лифтинга не позволяет автоматически выбрать A17.01.008 (токи ультравысокой частоты). Требуются инструкция/РУ аппарата, параметры и описание вмешательства; для Morpheus8 — также сведения об абляции/коагуляции. Код по сходству не назначен.";
Актуальный прайс Directus;9;volnewmer;Volnewmer — монополярный RF-лифтинг;800 импульсов;Код не установлен по имеющимся данным;;;;;"Название RF-лифтинга не позволяет автоматически выбрать A17.01.008 (токи ультравысокой частоты). Требуются инструкция/РУ аппарата, параметры и описание вмешательства; для Morpheus8 — также сведения об абляции/коагуляции. Код по сходству не назначен.";
Актуальный прайс Directus;10;volnewmer;Volnewmer — монополярный RF-лифтинг;1200 импульсов;Код не установлен по имеющимся данным;;;;;"Название RF-лифтинга не позволяет автоматически выбрать A17.01.008 (токи ультравысокой частоты). Требуются инструкция/РУ аппарата, параметры и описание вмешательства; для Morpheus8 — также сведения об абляции/коагуляции. Код по сходству не назначен.";
Актуальный прайс Directus;11;volnewmer;Volnewmer — монополярный RF-лифтинг;1 доп. импульс;Код не установлен по имеющимся данным;;;;;"Название RF-лифтинга не позволяет автоматически выбрать A17.01.008 (токи ультравысокой частоты). Требуются инструкция/РУ аппарата, параметры и описание вмешательства; для Morpheus8 — также сведения об абляции/коагуляции. Код по сходству не назначен.";
Актуальный прайс Directus;12;pladuo;Pladuo — плазменные процедуры для кожи;Зона глаз, 300 импульсов;Код не установлен по имеющимся данным;;;;;Аргоновая/азотная плазма не равна лазерной шлифовке или плазмотерапии кровью. Нужны РУ, инструкция и конкретный режим воздействия. Код не выбран.;
Актуальный прайс Directus;13;pladuo;Pladuo — плазменные процедуры для кожи;Лицо (лечение), 600 импульсов;Код не установлен по имеющимся данным;;;;;Аргоновая/азотная плазма не равна лазерной шлифовке или плазмотерапии кровью. Нужны РУ, инструкция и конкретный режим воздействия. Код не выбран.;
Актуальный прайс Directus;14;pladuo;Pladuo — плазменные процедуры для кожи;Лицо (лечение и омоложение), 800 импульсов;Код не установлен по имеющимся данным;;;;;Аргоновая/азотная плазма не равна лазерной шлифовке или плазмотерапии кровью. Нужны РУ, инструкция и конкретный режим воздействия. Код не выбран.;
Актуальный прайс Directus;15;pladuo;Pladuo — плазменные процедуры для кожи;Лицо и шея (лечение), 1000 импульсов;Код не установлен по имеющимся данным;;;;;Аргоновая/азотная плазма не равна лазерной шлифовке или плазмотерапии кровью. Нужны РУ, инструкция и конкретный режим воздействия. Код не выбран.;
Актуальный прайс Directus;16;pladuo;Pladuo — плазменные процедуры для кожи;Лицо и шея (лечение, омоложение), 1200 импульсов;Код не установлен по имеющимся данным;;;;;Аргоновая/азотная плазма не равна лазерной шлифовке или плазмотерапии кровью. Нужны РУ, инструкция и конкретный режим воздействия. Код не выбран.;
Актуальный прайс Directus;17;pladuo;Pladuo — плазменные процедуры для кожи;Лицо и шея (шлифовка, лифтинг), 1400 импульсов;Код не установлен по имеющимся данным;;;;;Аргоновая/азотная плазма не равна лазерной шлифовке или плазмотерапии кровью. Нужны РУ, инструкция и конкретный режим воздействия. Код не выбран.;
Актуальный прайс Directus;18;pladuo;Pladuo — плазменные процедуры для кожи;Тело (лечение), 1600 импульсов;Код не установлен по имеющимся данным;;;;;Аргоновая/азотная плазма не равна лазерной шлифовке или плазмотерапии кровью. Нужны РУ, инструкция и конкретный режим воздействия. Код не выбран.;
Актуальный прайс Directus;19;pladuo;Pladuo — плазменные процедуры для кожи;Тело и спина (шлифовка), 2000 импульсов;Код не установлен по имеющимся данным;;;;;Аргоновая/азотная плазма не равна лазерной шлифовке или плазмотерапии кровью. Нужны РУ, инструкция и конкретный режим воздействия. Код не выбран.;
Актуальный прайс Directus;20;pladuo;Pladuo — плазменные процедуры для кожи;1 доп. импульс;Код не установлен по имеющимся данным;;;;;Аргоновая/азотная плазма не равна лазерной шлифовке или плазмотерапии кровью. Нужны РУ, инструкция и конкретный режим воздействия. Код не выбран.;
Актуальный прайс Directus;21;pigment-lumec;Lumecca — фотоомоложение и коррекция пигментации;Лицо;Соответствует описанному вмешательству;A20.01.005;Фототерапия кожи;;;"Соответствие на уровне фототерапии кожи (IPL). Это не лазерная коагуляция; название аппарата и зона не создают новый код.";https://zubalmaz.ru/wp-content/uploads/2023/11/prikaz_mzrf_13.10.2017_804n_v24.09.2020_izm26.10.2022.pdf#page=299
Актуальный прайс Directus;22;pigment-lumec;Lumecca — фотоомоложение и коррекция пигментации;Шея;Соответствует описанному вмешательству;A20.01.005;Фототерапия кожи;;;"Соответствие на уровне фототерапии кожи (IPL). Это не лазерная коагуляция; название аппарата и зона не создают новый код.";https://zubalmaz.ru/wp-content/uploads/2023/11/prikaz_mzrf_13.10.2017_804n_v24.09.2020_izm26.10.2022.pdf#page=299
Актуальный прайс Directus;23;pigment-lumec;Lumecca — фотоомоложение и коррекция пигментации;Область декольте;Соответствует описанному вмешательству;A20.01.005;Фототерапия кожи;;;"Соответствие на уровне фототерапии кожи (IPL). Это не лазерная коагуляция; название аппарата и зона не создают новый код.";https://zubalmaz.ru/wp-content/uploads/2023/11/prikaz_mzrf_13.10.2017_804n_v24.09.2020_izm26.10.2022.pdf#page=299
Актуальный прайс Directus;24;pigment-lumec;Lumecca — фотоомоложение и коррекция пигментации;Лицо + шея;Соответствует описанному вмешательству;A20.01.005;Фототерапия кожи;;;"Соответствие на уровне фототерапии кожи (IPL). Это не лазерная коагуляция; название аппарата и зона не создают новый код.";https://zubalmaz.ru/wp-content/uploads/2023/11/prikaz_mzrf_13.10.2017_804n_v24.09.2020_izm26.10.2022.pdf#page=299
Актуальный прайс Directus;25;pigment-lumec;Lumecca — фотоомоложение и коррекция пигментации;Лицо + шея + декольте;Соответствует описанному вмешательству;A20.01.005;Фототерапия кожи;;;"Соответствие на уровне фототерапии кожи (IPL). Это не лазерная коагуляция; название аппарата и зона не создают новый код.";https://zubalmaz.ru/wp-content/uploads/2023/11/prikaz_mzrf_13.10.2017_804n_v24.09.2020_izm26.10.2022.pdf#page=299
Актуальный прайс Directus;26;pigment-lumec;Lumecca — фотоомоложение и коррекция пигментации;Кисти рук (обе руки);Соответствует описанному вмешательству;A20.01.005;Фототерапия кожи;;;"Соответствие на уровне фототерапии кожи (IPL). Это не лазерная коагуляция; название аппарата и зона не создают новый код.";https://zubalmaz.ru/wp-content/uploads/2023/11/prikaz_mzrf_13.10.2017_804n_v24.09.2020_izm26.10.2022.pdf#page=299
Актуальный прайс Directus;27;pigment-lumec;Lumecca — фотоомоложение и коррекция пигментации;Щеки;Соответствует описанному вмешательству;A20.01.005;Фототерапия кожи;;;"Соответствие на уровне фототерапии кожи (IPL). Это не лазерная коагуляция; название аппарата и зона не создают новый код.";https://zubalmaz.ru/wp-content/uploads/2023/11/prikaz_mzrf_13.10.2017_804n_v24.09.2020_izm26.10.2022.pdf#page=299
Актуальный прайс Directus;28;pigment-lumec;Lumecca — фотоомоложение и коррекция пигментации;Подбородок;Соответствует описанному вмешательству;A20.01.005;Фототерапия кожи;;;"Соответствие на уровне фототерапии кожи (IPL). Это не лазерная коагуляция; название аппарата и зона не создают новый код.";https://zubalmaz.ru/wp-content/uploads/2023/11/prikaz_mzrf_13.10.2017_804n_v24.09.2020_izm26.10.2022.pdf#page=299
Актуальный прайс Directus;29;pigment-lumec;Lumecca — фотоомоложение и коррекция пигментации;Крылья носа;Соответствует описанному вмешательству;A20.01.005;Фототерапия кожи;;;"Соответствие на уровне фототерапии кожи (IPL). Это не лазерная коагуляция; название аппарата и зона не создают новый код.";https://zubalmaz.ru/wp-content/uploads/2023/11/prikaz_mzrf_13.10.2017_804n_v24.09.2020_izm26.10.2022.pdf#page=299
Актуальный прайс Directus;30;pigment-lumec;Lumecca — фотоомоложение и коррекция пигментации;Минимальная зона;Соответствует описанному вмешательству;A20.01.005;Фототерапия кожи;;;"Соответствие на уровне фототерапии кожи (IPL). Это не лазерная коагуляция; название аппарата и зона не создают новый код.";https://zubalmaz.ru/wp-content/uploads/2023/11/prikaz_mzrf_13.10.2017_804n_v24.09.2020_izm26.10.2022.pdf#page=299
Актуальный прайс Directus;31;tesla-former;Tesla Former — аппаратная коррекция фигуры;Первая процедура-знакомство;Код не установлен по имеющимся данным;;;;;"В описании клиники указана магнитная стимуляция мышц. Автоматически относить её к электростимуляции мышц A17.02.001 нельзя; нужна документация и описание медицинского вмешательства.";
Актуальный прайс Directus;32;tesla-former;Tesla Former — аппаратная коррекция фигуры;Одна зона, 30 мин;Код не установлен по имеющимся данным;;;;;"В описании клиники указана магнитная стимуляция мышц. Автоматически относить её к электростимуляции мышц A17.02.001 нельзя; нужна документация и описание медицинского вмешательства.";
Актуальный прайс Directus;33;tesla-former;Tesla Former — аппаратная коррекция фигуры;Курс 10 процедур;Код не установлен по имеющимся данным;;;;;"В описании клиники указана магнитная стимуляция мышц. Автоматически относить её к электростимуляции мышц A17.02.001 нельзя; нужна документация и описание медицинского вмешательства.";
Актуальный прайс Directus;34;tesla-former;Tesla Former — аппаратная коррекция фигуры;Курс 5 процедур;Код не установлен по имеющимся данным;;;;;"В описании клиники указана магнитная стимуляция мышц. Автоматически относить её к электростимуляции мышц A17.02.001 нельзя; нужна документация и описание медицинского вмешательства.";
Актуальный прайс Directus;35;rf-lifting-inmode;Morpheus8 — микроигольчатый RF-лифтинг;Лицо;Код не установлен по имеющимся данным;;;;;"Название RF-лифтинга не позволяет автоматически выбрать A17.01.008 (токи ультравысокой частоты). Требуются инструкция/РУ аппарата, параметры и описание вмешательства; для Morpheus8 — также сведения об абляции/коагуляции. Код по сходству не назначен.";
Актуальный прайс Directus;36;rf-lifting-inmode;Morpheus8 — микроигольчатый RF-лифтинг;Шея;Код не установлен по имеющимся данным;;;;;"Название RF-лифтинга не позволяет автоматически выбрать A17.01.008 (токи ультравысокой частоты). Требуются инструкция/РУ аппарата, параметры и описание вмешательства; для Morpheus8 — также сведения об абляции/коагуляции. Код по сходству не назначен.";
Актуальный прайс Directus;37;rf-lifting-inmode;Morpheus8 — микроигольчатый RF-лифтинг;Лицо, шея;Код не установлен по имеющимся данным;;;;;"Название RF-лифтинга не позволяет автоматически выбрать A17.01.008 (токи ультравысокой частоты). Требуются инструкция/РУ аппарата, параметры и описание вмешательства; для Morpheus8 — также сведения об абляции/коагуляции. Код по сходству не назначен.";
Актуальный прайс Directus;38;rf-lifting-inmode;Morpheus8 — микроигольчатый RF-лифтинг;Лицо, шея, декольте;Код не установлен по имеющимся данным;;;;;"Название RF-лифтинга не позволяет автоматически выбрать A17.01.008 (токи ультравысокой частоты). Требуются инструкция/РУ аппарата, параметры и описание вмешательства; для Morpheus8 — также сведения об абляции/коагуляции. Код по сходству не назначен.";
Актуальный прайс Directus;39;rf-lifting-inmode;Morpheus8 — микроигольчатый RF-лифтинг;Шея, декольте;Код не установлен по имеющимся данным;;;;;"Название RF-лифтинга не позволяет автоматически выбрать A17.01.008 (токи ультравысокой частоты). Требуются инструкция/РУ аппарата, параметры и описание вмешательства; для Morpheus8 — также сведения об абляции/коагуляции. Код по сходству не назначен.";
Актуальный прайс Directus;40;rf-lifting-inmode;Morpheus8 — микроигольчатый RF-лифтинг;Декольте;Код не установлен по имеющимся данным;;;;;"Название RF-лифтинга не позволяет автоматически выбрать A17.01.008 (токи ультравысокой частоты). Требуются инструкция/РУ аппарата, параметры и описание вмешательства; для Morpheus8 — также сведения об абляции/коагуляции. Код по сходству не назначен.";
Актуальный прайс Directus;41;rf-lifting-inmode;Morpheus8 — микроигольчатый RF-лифтинг;Глаза;Код не установлен по имеющимся данным;;;;;"Название RF-лифтинга не позволяет автоматически выбрать A17.01.008 (токи ультравысокой частоты). Требуются инструкция/РУ аппарата, параметры и описание вмешательства; для Morpheus8 — также сведения об абляции/коагуляции. Код по сходству не назначен.";
Актуальный прайс Directus;42;rf-lifting-inmode;Morpheus8 — микроигольчатый RF-лифтинг;Живот;Код не установлен по имеющимся данным;;;;;"Название RF-лифтинга не позволяет автоматически выбрать A17.01.008 (токи ультравысокой частоты). Требуются инструкция/РУ аппарата, параметры и описание вмешательства; для Morpheus8 — также сведения об абляции/коагуляции. Код по сходству не назначен.";
Актуальный прайс Directus;43;rf-lifting-inmode;Morpheus8 — микроигольчатый RF-лифтинг;Колени;Код не установлен по имеющимся данным;;;;;"Название RF-лифтинга не позволяет автоматически выбрать A17.01.008 (токи ультравысокой частоты). Требуются инструкция/РУ аппарата, параметры и описание вмешательства; для Morpheus8 — также сведения об абляции/коагуляции. Код по сходству не назначен.";
Актуальный прайс Directus;44;rf-lifting-inmode;Morpheus8 — микроигольчатый RF-лифтинг;Локти;Код не установлен по имеющимся данным;;;;;"Название RF-лифтинга не позволяет автоматически выбрать A17.01.008 (токи ультравысокой частоты). Требуются инструкция/РУ аппарата, параметры и описание вмешательства; для Morpheus8 — также сведения об абляции/коагуляции. Код по сходству не назначен.";
Актуальный прайс Directus;45;rf-lifting-inmode;Morpheus8 — микроигольчатый RF-лифтинг;Руки до локтей;Код не установлен по имеющимся данным;;;;;"Название RF-лифтинга не позволяет автоматически выбрать A17.01.008 (токи ультравысокой частоты). Требуются инструкция/РУ аппарата, параметры и описание вмешательства; для Morpheus8 — также сведения об абляции/коагуляции. Код по сходству не назначен.";
Актуальный прайс Directus;46;rf-lifting-inmode;Morpheus8 — микроигольчатый RF-лифтинг;Кисти рук;Код не установлен по имеющимся данным;;;;;"Название RF-лифтинга не позволяет автоматически выбрать A17.01.008 (токи ультравысокой частоты). Требуются инструкция/РУ аппарата, параметры и описание вмешательства; для Morpheus8 — также сведения об абляции/коагуляции. Код по сходству не назначен.";
Актуальный прайс Directus;47;rf-lifting-inmode;Morpheus8 — микроигольчатый RF-лифтинг;Ягодицы;Код не установлен по имеющимся данным;;;;;"Название RF-лифтинга не позволяет автоматически выбрать A17.01.008 (токи ультравысокой частоты). Требуются инструкция/РУ аппарата, параметры и описание вмешательства; для Morpheus8 — также сведения об абляции/коагуляции. Код по сходству не назначен.";
Актуальный прайс Directus;48;rf-lifting-inmode;Morpheus8 — микроигольчатый RF-лифтинг;Область бедер;Код не установлен по имеющимся данным;;;;;"Название RF-лифтинга не позволяет автоматически выбрать A17.01.008 (токи ультравысокой частоты). Требуются инструкция/РУ аппарата, параметры и описание вмешательства; для Morpheus8 — также сведения об абляции/коагуляции. Код по сходству не назначен.";
Актуальный прайс Directus;49;laser-epilation;Лазерная эпиляция Pacer One Pro;Лицо полностью;Соответствует описанному вмешательству;A14.01.013;Проведение эпиляции;;;"Проведение эпиляции. Зоны, пол пациента и количество сеансов — характеристики тарифа; код A14.01.012 обозначает депиляцию.";https://zubalmaz.ru/wp-content/uploads/2023/11/prikaz_mzrf_13.10.2017_804n_v24.09.2020_izm26.10.2022.pdf#page=146
Актуальный прайс Directus;50;laser-epilation;Лазерная эпиляция Pacer One Pro;Лоб;Соответствует описанному вмешательству;A14.01.013;Проведение эпиляции;;;"Проведение эпиляции. Зоны, пол пациента и количество сеансов — характеристики тарифа; код A14.01.012 обозначает депиляцию.";https://zubalmaz.ru/wp-content/uploads/2023/11/prikaz_mzrf_13.10.2017_804n_v24.09.2020_izm26.10.2022.pdf#page=146
Актуальный прайс Directus;51;laser-epilation;Лазерная эпиляция Pacer One Pro;Щеки;Соответствует описанному вмешательству;A14.01.013;Проведение эпиляции;;;"Проведение эпиляции. Зоны, пол пациента и количество сеансов — характеристики тарифа; код A14.01.012 обозначает депиляцию.";https://zubalmaz.ru/wp-content/uploads/2023/11/prikaz_mzrf_13.10.2017_804n_v24.09.2020_izm26.10.2022.pdf#page=146
Актуальный прайс Directus;52;laser-epilation;Лазерная эпиляция Pacer One Pro;Виски, или бакенбарды, или нос;Соответствует описанному вмешательству;A14.01.013;Проведение эпиляции;;;"Проведение эпиляции. Зоны, пол пациента и количество сеансов — характеристики тарифа; код A14.01.012 обозначает депиляцию.";https://zubalmaz.ru/wp-content/uploads/2023/11/prikaz_mzrf_13.10.2017_804n_v24.09.2020_izm26.10.2022.pdf#page=146
Актуальный прайс Directus;53;laser-epilation;Лазерная эпиляция Pacer One Pro;Малая зона (верхняя губа / подбородок / межбровье);Соответствует описанному вмешательству;A14.01.013;Проведение эпиляции;;;"Проведение эпиляции. Зоны, пол пациента и количество сеансов — характеристики тарифа; код A14.01.012 обозначает депиляцию.";https://zubalmaz.ru/wp-content/uploads/2023/11/prikaz_mzrf_13.10.2017_804n_v24.09.2020_izm26.10.2022.pdf#page=146
Актуальный прайс Directus;54;laser-epilation;Лазерная эпиляция Pacer One Pro;Шея (передняя и задняя поверхность);Соответствует описанному вмешательству;A14.01.013;Проведение эпиляции;;;"Проведение эпиляции. Зоны, пол пациента и количество сеансов — характеристики тарифа; код A14.01.012 обозначает депиляцию.";https://zubalmaz.ru/wp-content/uploads/2023/11/prikaz_mzrf_13.10.2017_804n_v24.09.2020_izm26.10.2022.pdf#page=146
Актуальный прайс Directus;55;laser-epilation;Лазерная эпиляция Pacer One Pro;Руки полностью;Соответствует описанному вмешательству;A14.01.013;Проведение эпиляции;;;"Проведение эпиляции. Зоны, пол пациента и количество сеансов — характеристики тарифа; код A14.01.012 обозначает депиляцию.";https://zubalmaz.ru/wp-content/uploads/2023/11/prikaz_mzrf_13.10.2017_804n_v24.09.2020_izm26.10.2022.pdf#page=146
Актуальный прайс Directus;56;laser-epilation;Лазерная эпиляция Pacer One Pro;Руки до локтя;Соответствует описанному вмешательству;A14.01.013;Проведение эпиляции;;;"Проведение эпиляции. Зоны, пол пациента и количество сеансов — характеристики тарифа; код A14.01.012 обозначает депиляцию.";https://zubalmaz.ru/wp-content/uploads/2023/11/prikaz_mzrf_13.10.2017_804n_v24.09.2020_izm26.10.2022.pdf#page=146
Актуальный прайс Directus;57;laser-epilation;Лазерная эпиляция Pacer One Pro;Подмышки;Соответствует описанному вмешательству;A14.01.013;Проведение эпиляции;;;"Проведение эпиляции. Зоны, пол пациента и количество сеансов — характеристики тарифа; код A14.01.012 обозначает депиляцию.";https://zubalmaz.ru/wp-content/uploads/2023/11/prikaz_mzrf_13.10.2017_804n_v24.09.2020_izm26.10.2022.pdf#page=146
Актуальный прайс Directus;58;laser-epilation;Лазерная эпиляция Pacer One Pro;Пальцы рук;Соответствует описанному вмешательству;A14.01.013;Проведение эпиляции;;;"Проведение эпиляции. Зоны, пол пациента и количество сеансов — характеристики тарифа; код A14.01.012 обозначает депиляцию.";https://zubalmaz.ru/wp-content/uploads/2023/11/prikaz_mzrf_13.10.2017_804n_v24.09.2020_izm26.10.2022.pdf#page=146
Актуальный прайс Directus;59;laser-epilation;Лазерная эпиляция Pacer One Pro;Кисти рук с пальцами;Соответствует описанному вмешательству;A14.01.013;Проведение эпиляции;;;"Проведение эпиляции. Зоны, пол пациента и количество сеансов — характеристики тарифа; код A14.01.012 обозначает депиляцию.";https://zubalmaz.ru/wp-content/uploads/2023/11/prikaz_mzrf_13.10.2017_804n_v24.09.2020_izm26.10.2022.pdf#page=146
Актуальный прайс Directus;60;laser-epilation;Лазерная эпиляция Pacer One Pro;Кисти рук;Соответствует описанному вмешательству;A14.01.013;Проведение эпиляции;;;"Проведение эпиляции. Зоны, пол пациента и количество сеансов — характеристики тарифа; код A14.01.012 обозначает депиляцию.";https://zubalmaz.ru/wp-content/uploads/2023/11/prikaz_mzrf_13.10.2017_804n_v24.09.2020_izm26.10.2022.pdf#page=146
Актуальный прайс Directus;61;laser-epilation;Лазерная эпиляция Pacer One Pro;Белая линия живота;Соответствует описанному вмешательству;A14.01.013;Проведение эпиляции;;;"Проведение эпиляции. Зоны, пол пациента и количество сеансов — характеристики тарифа; код A14.01.012 обозначает депиляцию.";https://zubalmaz.ru/wp-content/uploads/2023/11/prikaz_mzrf_13.10.2017_804n_v24.09.2020_izm26.10.2022.pdf#page=146
Актуальный прайс Directus;62;laser-epilation;Лазерная эпиляция Pacer One Pro;Плечи;Соответствует описанному вмешательству;A14.01.013;Проведение эпиляции;;;"Проведение эпиляции. Зоны, пол пациента и количество сеансов — характеристики тарифа; код A14.01.012 обозначает депиляцию.";https://zubalmaz.ru/wp-content/uploads/2023/11/prikaz_mzrf_13.10.2017_804n_v24.09.2020_izm26.10.2022.pdf#page=146
Актуальный прайс Directus;63;laser-epilation;Лазерная эпиляция Pacer One Pro;Спина, нижняя треть (поясница/крестец);Соответствует описанному вмешательству;A14.01.013;Проведение эпиляции;;;"Проведение эпиляции. Зоны, пол пациента и количество сеансов — характеристики тарифа; код A14.01.012 обозначает депиляцию.";https://zubalmaz.ru/wp-content/uploads/2023/11/prikaz_mzrf_13.10.2017_804n_v24.09.2020_izm26.10.2022.pdf#page=146
Актуальный прайс Directus;64;laser-epilation;Лазерная эпиляция Pacer One Pro;Спина полностью;Соответствует описанному вмешательству;A14.01.013;Проведение эпиляции;;;"Проведение эпиляции. Зоны, пол пациента и количество сеансов — характеристики тарифа; код A14.01.012 обозначает депиляцию.";https://zubalmaz.ru/wp-content/uploads/2023/11/prikaz_mzrf_13.10.2017_804n_v24.09.2020_izm26.10.2022.pdf#page=146
Актуальный прайс Directus;65;laser-epilation;Лазерная эпиляция Pacer One Pro;Живот полностью;Соответствует описанному вмешательству;A14.01.013;Проведение эпиляции;;;"Проведение эпиляции. Зоны, пол пациента и количество сеансов — характеристики тарифа; код A14.01.012 обозначает депиляцию.";https://zubalmaz.ru/wp-content/uploads/2023/11/prikaz_mzrf_13.10.2017_804n_v24.09.2020_izm26.10.2022.pdf#page=146
Актуальный прайс Directus;66;laser-epilation;Лазерная эпиляция Pacer One Pro;Ореолы;Соответствует описанному вмешательству;A14.01.013;Проведение эпиляции;;;"Проведение эпиляции. Зоны, пол пациента и количество сеансов — характеристики тарифа; код A14.01.012 обозначает депиляцию.";https://zubalmaz.ru/wp-content/uploads/2023/11/prikaz_mzrf_13.10.2017_804n_v24.09.2020_izm26.10.2022.pdf#page=146
Актуальный прайс Directus;67;laser-epilation;Лазерная эпиляция Pacer One Pro;Грудь полностью;Соответствует описанному вмешательству;A14.01.013;Проведение эпиляции;;;"Проведение эпиляции. Зоны, пол пациента и количество сеансов — характеристики тарифа; код A14.01.012 обозначает депиляцию.";https://zubalmaz.ru/wp-content/uploads/2023/11/prikaz_mzrf_13.10.2017_804n_v24.09.2020_izm26.10.2022.pdf#page=146
Актуальный прайс Directus;68;laser-epilation;Лазерная эпиляция Pacer One Pro;Декольте;Соответствует описанному вмешательству;A14.01.013;Проведение эпиляции;;;"Проведение эпиляции. Зоны, пол пациента и количество сеансов — характеристики тарифа; код A14.01.012 обозначает депиляцию.";https://zubalmaz.ru/wp-content/uploads/2023/11/prikaz_mzrf_13.10.2017_804n_v24.09.2020_izm26.10.2022.pdf#page=146
Актуальный прайс Directus;69;laser-epilation;Лазерная эпиляция Pacer One Pro;Бедра, 1 зона;Соответствует описанному вмешательству;A14.01.013;Проведение эпиляции;;;"Проведение эпиляции. Зоны, пол пациента и количество сеансов — характеристики тарифа; код A14.01.012 обозначает депиляцию.";https://zubalmaz.ru/wp-content/uploads/2023/11/prikaz_mzrf_13.10.2017_804n_v24.09.2020_izm26.10.2022.pdf#page=146
Актуальный прайс Directus;70;laser-epilation;Лазерная эпиляция Pacer One Pro;Бедра полностью;Соответствует описанному вмешательству;A14.01.013;Проведение эпиляции;;;"Проведение эпиляции. Зоны, пол пациента и количество сеансов — характеристики тарифа; код A14.01.012 обозначает депиляцию.";https://zubalmaz.ru/wp-content/uploads/2023/11/prikaz_mzrf_13.10.2017_804n_v24.09.2020_izm26.10.2022.pdf#page=146
Актуальный прайс Directus;71;laser-epilation;Лазерная эпиляция Pacer One Pro;Голени с коленями;Соответствует описанному вмешательству;A14.01.013;Проведение эпиляции;;;"Проведение эпиляции. Зоны, пол пациента и количество сеансов — характеристики тарифа; код A14.01.012 обозначает депиляцию.";https://zubalmaz.ru/wp-content/uploads/2023/11/prikaz_mzrf_13.10.2017_804n_v24.09.2020_izm26.10.2022.pdf#page=146
Актуальный прайс Directus;72;laser-epilation;Лазерная эпиляция Pacer One Pro;Колени;Соответствует описанному вмешательству;A14.01.013;Проведение эпиляции;;;"Проведение эпиляции. Зоны, пол пациента и количество сеансов — характеристики тарифа; код A14.01.012 обозначает депиляцию.";https://zubalmaz.ru/wp-content/uploads/2023/11/prikaz_mzrf_13.10.2017_804n_v24.09.2020_izm26.10.2022.pdf#page=146
Актуальный прайс Directus;73;laser-epilation;Лазерная эпиляция Pacer One Pro;Стопа;Соответствует описанному вмешательству;A14.01.013;Проведение эпиляции;;;"Проведение эпиляции. Зоны, пол пациента и количество сеансов — характеристики тарифа; код A14.01.012 обозначает депиляцию.";https://zubalmaz.ru/wp-content/uploads/2023/11/prikaz_mzrf_13.10.2017_804n_v24.09.2020_izm26.10.2022.pdf#page=146
Актуальный прайс Directus;74;laser-epilation;Лазерная эпиляция Pacer One Pro;Пальцы ног;Соответствует описанному вмешательству;A14.01.013;Проведение эпиляции;;;"Проведение эпиляции. Зоны, пол пациента и количество сеансов — характеристики тарифа; код A14.01.012 обозначает депиляцию.";https://zubalmaz.ru/wp-content/uploads/2023/11/prikaz_mzrf_13.10.2017_804n_v24.09.2020_izm26.10.2022.pdf#page=146
Актуальный прайс Directus;75;laser-epilation;Лазерная эпиляция Pacer One Pro;Стопа с пальцами ног;Соответствует описанному вмешательству;A14.01.013;Проведение эпиляции;;;"Проведение эпиляции. Зоны, пол пациента и количество сеансов — характеристики тарифа; код A14.01.012 обозначает депиляцию.";https://zubalmaz.ru/wp-content/uploads/2023/11/prikaz_mzrf_13.10.2017_804n_v24.09.2020_izm26.10.2022.pdf#page=146
Актуальный прайс Directus;76;laser-epilation;Лазерная эпиляция Pacer One Pro;Ноги полностью;Соответствует описанному вмешательству;A14.01.013;Проведение эпиляции;;;"Проведение эпиляции. Зоны, пол пациента и количество сеансов — характеристики тарифа; код A14.01.012 обозначает депиляцию.";https://zubalmaz.ru/wp-content/uploads/2023/11/prikaz_mzrf_13.10.2017_804n_v24.09.2020_izm26.10.2022.pdf#page=146
Актуальный прайс Directus;77;laser-epilation;Лазерная эпиляция Pacer One Pro;Классическое бикини;Соответствует описанному вмешательству;A14.01.013;Проведение эпиляции;;;"Проведение эпиляции. Зоны, пол пациента и количество сеансов — характеристики тарифа; код A14.01.012 обозначает депиляцию.";https://zubalmaz.ru/wp-content/uploads/2023/11/prikaz_mzrf_13.10.2017_804n_v24.09.2020_izm26.10.2022.pdf#page=146
Актуальный прайс Directus;78;laser-epilation;Лазерная эпиляция Pacer One Pro;Тотальное бикини;Соответствует описанному вмешательству;A14.01.013;Проведение эпиляции;;;"Проведение эпиляции. Зоны, пол пациента и количество сеансов — характеристики тарифа; код A14.01.012 обозначает депиляцию.";https://zubalmaz.ru/wp-content/uploads/2023/11/prikaz_mzrf_13.10.2017_804n_v24.09.2020_izm26.10.2022.pdf#page=146
Актуальный прайс Directus;79;laser-epilation;Лазерная эпиляция Pacer One Pro;Межъягодичная зона;Соответствует описанному вмешательству;A14.01.013;Проведение эпиляции;;;"Проведение эпиляции. Зоны, пол пациента и количество сеансов — характеристики тарифа; код A14.01.012 обозначает депиляцию.";https://zubalmaz.ru/wp-content/uploads/2023/11/prikaz_mzrf_13.10.2017_804n_v24.09.2020_izm26.10.2022.pdf#page=146
Актуальный прайс Directus;80;laser-epilation;Лазерная эпиляция Pacer One Pro;Ягодицы;Соответствует описанному вмешательству;A14.01.013;Проведение эпиляции;;;"Проведение эпиляции. Зоны, пол пациента и количество сеансов — характеристики тарифа; код A14.01.012 обозначает депиляцию.";https://zubalmaz.ru/wp-content/uploads/2023/11/prikaz_mzrf_13.10.2017_804n_v24.09.2020_izm26.10.2022.pdf#page=146
Актуальный прайс Directus;81;laser-epilation;Лазерная эпиляция Pacer One Pro;№1: ноги полностью + руки полностью + тотальное бикини + подмышки;Соответствует описанному вмешательству;A14.01.013;Проведение эпиляции;;;"Проведение эпиляции. Зоны, пол пациента и количество сеансов — характеристики тарифа; код A14.01.012 обозначает депиляцию.";https://zubalmaz.ru/wp-content/uploads/2023/11/prikaz_mzrf_13.10.2017_804n_v24.09.2020_izm26.10.2022.pdf#page=146
Актуальный прайс Directus;82;laser-epilation;Лазерная эпиляция Pacer One Pro;№2: ноги полностью + бикини тотальное + подмышки;Соответствует описанному вмешательству;A14.01.013;Проведение эпиляции;;;"Проведение эпиляции. Зоны, пол пациента и количество сеансов — характеристики тарифа; код A14.01.012 обозначает депиляцию.";https://zubalmaz.ru/wp-content/uploads/2023/11/prikaz_mzrf_13.10.2017_804n_v24.09.2020_izm26.10.2022.pdf#page=146
Актуальный прайс Directus;83;laser-epilation;Лазерная эпиляция Pacer One Pro;№3: голень с коленями + бикини тотальное + подмышки;Соответствует описанному вмешательству;A14.01.013;Проведение эпиляции;;;"Проведение эпиляции. Зоны, пол пациента и количество сеансов — характеристики тарифа; код A14.01.012 обозначает депиляцию.";https://zubalmaz.ru/wp-content/uploads/2023/11/prikaz_mzrf_13.10.2017_804n_v24.09.2020_izm26.10.2022.pdf#page=146
Актуальный прайс Directus;84;laser-epilation;Лазерная эпиляция Pacer One Pro;№4: бикини тотальное + подмышки;Соответствует описанному вмешательству;A14.01.013;Проведение эпиляции;;;"Проведение эпиляции. Зоны, пол пациента и количество сеансов — характеристики тарифа; код A14.01.012 обозначает депиляцию.";https://zubalmaz.ru/wp-content/uploads/2023/11/prikaz_mzrf_13.10.2017_804n_v24.09.2020_izm26.10.2022.pdf#page=146
Актуальный прайс Directus;85;laser-epilation;Лазерная эпиляция Pacer One Pro;Мужская эпиляция;Соответствует описанному вмешательству;A14.01.013;Проведение эпиляции;;;"Проведение эпиляции. Зоны, пол пациента и количество сеансов — характеристики тарифа; код A14.01.012 обозначает депиляцию.";https://zubalmaz.ru/wp-content/uploads/2023/11/prikaz_mzrf_13.10.2017_804n_v24.09.2020_izm26.10.2022.pdf#page=146
Актуальный прайс Directus;86;beautylizer;Beautylizer — RSL-массаж тела;1 процедура;Код не установлен по имеющимся данным;;;;;"RSL с вращающимися сферами не подтверждает вакуумный массаж A21.01.007. Требуются протокол, зоны и обоснование медицинского массажа; единый точный код для всей программы не установлен.";
Актуальный прайс Directus;87;beautylizer;Beautylizer — RSL-массаж тела;Абонемент 6 процедур;Код не установлен по имеющимся данным;;;;;"RSL с вращающимися сферами не подтверждает вакуумный массаж A21.01.007. Требуются протокол, зоны и обоснование медицинского массажа; единый точный код для всей программы не установлен.";
Актуальный прайс Directus;88;beautylizer;Beautylizer — RSL-массаж тела;Абонемент 10 процедур;Код не установлен по имеющимся данным;;;;;"RSL с вращающимися сферами не подтверждает вакуумный массаж A21.01.007. Требуются протокол, зоны и обоснование медицинского массажа; единый точный код для всей программы не установлен.";
Актуальный прайс Directus;89;beautylizer;Beautylizer — RSL-массаж тела;Абонемент 12 процедур;Код не установлен по имеющимся данным;;;;;"RSL с вращающимися сферами не подтверждает вакуумный массаж A21.01.007. Требуются протокол, зоны и обоснование медицинского массажа; единый точный код для всей программы не установлен.";
Актуальный прайс Directus;90;mikrotokovaya-terapiya;Микротоковая терапия;Лимфодренаж, 20 минут (малая зона);Условно: требуется подтверждение протокола;;;A17.01.009;Электронный лимфодренаж при заболеваниях кожи и подкожной клетчатки;Нужно подтвердить медицинский протокол: официальное название содержит «при заболеваниях кожи и подкожной клетчатки». Уход/маска в составе программы не получают автоматически этот код.;https://zubalmaz.ru/wp-content/uploads/2023/11/prikaz_mzrf_13.10.2017_804n_v24.09.2020_izm26.10.2022.pdf#page=273
Актуальный прайс Directus;91;mikrotokovaya-terapiya;Микротоковая терапия;Лицо, 40 минут;Условно: требуется подтверждение протокола;;;A17.01.010;Микротоковое воздействие при заболеваниях кожи и подкожной клетчатки;Нужно подтвердить медицинский протокол: официальное название содержит «при заболеваниях кожи и подкожной клетчатки». Уход/маска в составе программы не получают автоматически этот код.;https://zubalmaz.ru/wp-content/uploads/2023/11/prikaz_mzrf_13.10.2017_804n_v24.09.2020_izm26.10.2022.pdf#page=273
Актуальный прайс Directus;92;mikrotokovaya-terapiya;Микротоковая терапия;«Лифтинг» лицо + шея с маской;Условно: требуется подтверждение протокола;;;A17.01.010;Микротоковое воздействие при заболеваниях кожи и подкожной клетчатки;Нужно подтвердить медицинский протокол: официальное название содержит «при заболеваниях кожи и подкожной клетчатки». Уход/маска в составе программы не получают автоматически этот код.;https://zubalmaz.ru/wp-content/uploads/2023/11/prikaz_mzrf_13.10.2017_804n_v24.09.2020_izm26.10.2022.pdf#page=273
Актуальный прайс Directus;93;mikrotokovaya-terapiya;Микротоковая терапия;Абонемент «Лифтинг» лицо + шея с уходом, 6 процедур;Условно: требуется подтверждение протокола;;;A17.01.010;Микротоковое воздействие при заболеваниях кожи и подкожной клетчатки;Нужно подтвердить медицинский протокол: официальное название содержит «при заболеваниях кожи и подкожной клетчатки». Уход/маска в составе программы не получают автоматически этот код.;https://zubalmaz.ru/wp-content/uploads/2023/11/prikaz_mzrf_13.10.2017_804n_v24.09.2020_izm26.10.2022.pdf#page=273
Актуальный прайс Directus;94;mikrotokovaya-terapiya;Микротоковая терапия;Абонемент «Лифтинг» лицо + шея с уходом, 10 процедур;Условно: требуется подтверждение протокола;;;A17.01.010;Микротоковое воздействие при заболеваниях кожи и подкожной клетчатки;Нужно подтвердить медицинский протокол: официальное название содержит «при заболеваниях кожи и подкожной клетчатки». Уход/маска в составе программы не получают автоматически этот код.;https://zubalmaz.ru/wp-content/uploads/2023/11/prikaz_mzrf_13.10.2017_804n_v24.09.2020_izm26.10.2022.pdf#page=273
Актуальный прайс Directus;95;profeccial;ProFacial — комплексный аппаратный уход;Процедура «Голливуд» лицо, ProFacial;Код не установлен по имеющимся данным;;;;;Многофункциональный аппарат: программа «Голливуд» и RF-воздействие не имеют подтверждённого единого кода по торговому названию. Нужны этапы и инструкция аппарата.;
Актуальный прайс Directus;96;profeccial;ProFacial — комплексный аппаратный уход;Процедура «Голливуд» лицо, шея, декольте, ProFacial;Код не установлен по имеющимся данным;;;;;Многофункциональный аппарат: программа «Голливуд» и RF-воздействие не имеют подтверждённого единого кода по торговому названию. Нужны этапы и инструкция аппарата.;
Актуальный прайс Directus;97;profeccial;ProFacial — комплексный аппаратный уход;Аквапилинг лицо (HydraFacial);Условно: требуется подтверждение протокола;;;A16.01.024;Дерматологический пилинг;Если фактически выполняется дерматологический пилинг. Аквапилинг не равен ультразвуковому пилингу A22.01.001.002. Для комбинированной программы нужен состав вмешательств.;https://zubalmaz.ru/wp-content/uploads/2023/11/prikaz_mzrf_13.10.2017_804n_v24.09.2020_izm26.10.2022.pdf#page=153
Актуальный прайс Directus;98;profeccial;ProFacial — комплексный аппаратный уход;Аквапилинг лицо, шея, декольте (HydraFacial);Условно: требуется подтверждение протокола;;;A16.01.024;Дерматологический пилинг;Если фактически выполняется дерматологический пилинг. Аквапилинг не равен ультразвуковому пилингу A22.01.001.002. Для комбинированной программы нужен состав вмешательств.;https://zubalmaz.ru/wp-content/uploads/2023/11/prikaz_mzrf_13.10.2017_804n_v24.09.2020_izm26.10.2022.pdf#page=153
Актуальный прайс Directus;99;profeccial;ProFacial — комплексный аппаратный уход;Аквапилинг Peach Peel + Пилинг (HydraFacial);Условно: требуется подтверждение протокола;;;A16.01.024;Дерматологический пилинг;Если фактически выполняется дерматологический пилинг. Аквапилинг не равен ультразвуковому пилингу A22.01.001.002. Для комбинированной программы нужен состав вмешательств.;https://zubalmaz.ru/wp-content/uploads/2023/11/prikaz_mzrf_13.10.2017_804n_v24.09.2020_izm26.10.2022.pdf#page=153
Актуальный прайс Directus;100;profeccial;ProFacial — комплексный аппаратный уход;RF-лифтинг, лицо;Код не установлен по имеющимся данным;;;;;Многофункциональный аппарат: программа «Голливуд» и RF-воздействие не имеют подтверждённого единого кода по торговому названию. Нужны этапы и инструкция аппарата.;
Актуальный прайс Directus;101;profeccial;ProFacial — комплексный аппаратный уход;RF-лифтинг, лицо, шея, декольте;Код не установлен по имеющимся данным;;;;;Многофункциональный аппарат: программа «Голливуд» и RF-воздействие не имеют подтверждённого единого кода по торговому названию. Нужны этапы и инструкция аппарата.;
Актуальный прайс Directus;102;profeccial;ProFacial — комплексный аппаратный уход;RF-лифтинг, шея, декольте;Код не установлен по имеющимся данным;;;;;Многофункциональный аппарат: программа «Голливуд» и RF-воздействие не имеют подтверждённого единого кода по торговому названию. Нужны этапы и инструкция аппарата.;
Актуальный прайс Directus;103;heleo;HELEO4 — фотодинамическая терапия;Лицо;Условно: требуется подтверждение протокола;;;A22.01.007 | A20.01.005;Фотодинамическая терапия при заболеваниях кожи, подкожно-жировой клетчатки, придатков кожи | Фототерапия кожи;"A22.01.007 — фотодинамическая терапия при указанных в номенклатуре заболеваниях и соответствующем протоколе; A20.01.005 — фототерапия кожи. В описании клиники есть оба режима, а строка прайса режим не уточняет.";https://zubalmaz.ru/wp-content/uploads/2023/11/prikaz_mzrf_13.10.2017_804n_v24.09.2020_izm26.10.2022.pdf#page=308 | https://zubalmaz.ru/wp-content/uploads/2023/11/prikaz_mzrf_13.10.2017_804n_v24.09.2020_izm26.10.2022.pdf#page=299
Актуальный прайс Directus;104;heleo;HELEO4 — фотодинамическая терапия;Лицо / Шея / Декольте;Условно: требуется подтверждение протокола;;;A22.01.007 | A20.01.005;Фотодинамическая терапия при заболеваниях кожи, подкожно-жировой клетчатки, придатков кожи | Фототерапия кожи;"A22.01.007 — фотодинамическая терапия при указанных в номенклатуре заболеваниях и соответствующем протоколе; A20.01.005 — фототерапия кожи. В описании клиники есть оба режима, а строка прайса режим не уточняет.";https://zubalmaz.ru/wp-content/uploads/2023/11/prikaz_mzrf_13.10.2017_804n_v24.09.2020_izm26.10.2022.pdf#page=308 | https://zubalmaz.ru/wp-content/uploads/2023/11/prikaz_mzrf_13.10.2017_804n_v24.09.2020_izm26.10.2022.pdf#page=299
Актуальный прайс Directus;105;heleo;HELEO4 — фотодинамическая терапия;Спина;Условно: требуется подтверждение протокола;;;A22.01.007 | A20.01.005;Фотодинамическая терапия при заболеваниях кожи, подкожно-жировой клетчатки, придатков кожи | Фототерапия кожи;"A22.01.007 — фотодинамическая терапия при указанных в номенклатуре заболеваниях и соответствующем протоколе; A20.01.005 — фототерапия кожи. В описании клиники есть оба режима, а строка прайса режим не уточняет.";https://zubalmaz.ru/wp-content/uploads/2023/11/prikaz_mzrf_13.10.2017_804n_v24.09.2020_izm26.10.2022.pdf#page=308 | https://zubalmaz.ru/wp-content/uploads/2023/11/prikaz_mzrf_13.10.2017_804n_v24.09.2020_izm26.10.2022.pdf#page=299
Актуальный прайс Directus;106;heleo;HELEO4 — фотодинамическая терапия;Кисти рук;Условно: требуется подтверждение протокола;;;A22.01.007 | A20.01.005;Фотодинамическая терапия при заболеваниях кожи, подкожно-жировой клетчатки, придатков кожи | Фототерапия кожи;"A22.01.007 — фотодинамическая терапия при указанных в номенклатуре заболеваниях и соответствующем протоколе; A20.01.005 — фототерапия кожи. В описании клиники есть оба режима, а строка прайса режим не уточняет.";https://zubalmaz.ru/wp-content/uploads/2023/11/prikaz_mzrf_13.10.2017_804n_v24.09.2020_izm26.10.2022.pdf#page=308 | https://zubalmaz.ru/wp-content/uploads/2023/11/prikaz_mzrf_13.10.2017_804n_v24.09.2020_izm26.10.2022.pdf#page=299
Актуальный прайс Directus;107;heleo;HELEO4 — фотодинамическая терапия;LED;Соответствует описанному вмешательству;A20.01.005;Фототерапия кожи;;;"Фототерапия кожи; самостоятельное LED-воздействие без фотосенсибилизатора не обозначать кодом фотодинамической терапии.";https://zubalmaz.ru/wp-content/uploads/2023/11/prikaz_mzrf_13.10.2017_804n_v24.09.2020_izm26.10.2022.pdf#page=299
Актуальный прайс Directus;108;heleo;HELEO4 — фотодинамическая терапия;Комплекс: лицо (4 процедуры);Условно: требуется подтверждение протокола;;;A22.01.007 | A20.01.005;Фотодинамическая терапия при заболеваниях кожи, подкожно-жировой клетчатки, придатков кожи | Фототерапия кожи;"A22.01.007 — фотодинамическая терапия при указанных в номенклатуре заболеваниях и соответствующем протоколе; A20.01.005 — фототерапия кожи. В описании клиники есть оба режима, а строка прайса режим не уточняет.";https://zubalmaz.ru/wp-content/uploads/2023/11/prikaz_mzrf_13.10.2017_804n_v24.09.2020_izm26.10.2022.pdf#page=308 | https://zubalmaz.ru/wp-content/uploads/2023/11/prikaz_mzrf_13.10.2017_804n_v24.09.2020_izm26.10.2022.pdf#page=299
Актуальный прайс Directus;109;heleo;HELEO4 — фотодинамическая терапия;Комплекс: лицо (6 процедур);Условно: требуется подтверждение протокола;;;A22.01.007 | A20.01.005;Фотодинамическая терапия при заболеваниях кожи, подкожно-жировой клетчатки, придатков кожи | Фототерапия кожи;"A22.01.007 — фотодинамическая терапия при указанных в номенклатуре заболеваниях и соответствующем протоколе; A20.01.005 — фототерапия кожи. В описании клиники есть оба режима, а строка прайса режим не уточняет.";https://zubalmaz.ru/wp-content/uploads/2023/11/prikaz_mzrf_13.10.2017_804n_v24.09.2020_izm26.10.2022.pdf#page=308 | https://zubalmaz.ru/wp-content/uploads/2023/11/prikaz_mzrf_13.10.2017_804n_v24.09.2020_izm26.10.2022.pdf#page=299
Актуальный прайс Directus;110;heleo;HELEO4 — фотодинамическая терапия;Комплекс: лицо (8 процедур);Условно: требуется подтверждение протокола;;;A22.01.007 | A20.01.005;Фотодинамическая терапия при заболеваниях кожи, подкожно-жировой клетчатки, придатков кожи | Фототерапия кожи;"A22.01.007 — фотодинамическая терапия при указанных в номенклатуре заболеваниях и соответствующем протоколе; A20.01.005 — фототерапия кожи. В описании клиники есть оба режима, а строка прайса режим не уточняет.";https://zubalmaz.ru/wp-content/uploads/2023/11/prikaz_mzrf_13.10.2017_804n_v24.09.2020_izm26.10.2022.pdf#page=308 | https://zubalmaz.ru/wp-content/uploads/2023/11/prikaz_mzrf_13.10.2017_804n_v24.09.2020_izm26.10.2022.pdf#page=299
Актуальный прайс Directus;111;heleo;HELEO4 — фотодинамическая терапия;Комплекс: лицо (10 процедур);Условно: требуется подтверждение протокола;;;A22.01.007 | A20.01.005;Фотодинамическая терапия при заболеваниях кожи, подкожно-жировой клетчатки, придатков кожи | Фототерапия кожи;"A22.01.007 — фотодинамическая терапия при указанных в номенклатуре заболеваниях и соответствующем протоколе; A20.01.005 — фототерапия кожи. В описании клиники есть оба режима, а строка прайса режим не уточняет.";https://zubalmaz.ru/wp-content/uploads/2023/11/prikaz_mzrf_13.10.2017_804n_v24.09.2020_izm26.10.2022.pdf#page=308 | https://zubalmaz.ru/wp-content/uploads/2023/11/prikaz_mzrf_13.10.2017_804n_v24.09.2020_izm26.10.2022.pdf#page=299
Актуальный прайс Directus;112;heleo;HELEO4 — фотодинамическая терапия;Комплекс: лицо/шея/декольте (4 процедуры);Условно: требуется подтверждение протокола;;;A22.01.007 | A20.01.005;Фотодинамическая терапия при заболеваниях кожи, подкожно-жировой клетчатки, придатков кожи | Фототерапия кожи;"A22.01.007 — фотодинамическая терапия при указанных в номенклатуре заболеваниях и соответствующем протоколе; A20.01.005 — фототерапия кожи. В описании клиники есть оба режима, а строка прайса режим не уточняет.";https://zubalmaz.ru/wp-content/uploads/2023/11/prikaz_mzrf_13.10.2017_804n_v24.09.2020_izm26.10.2022.pdf#page=308 | https://zubalmaz.ru/wp-content/uploads/2023/11/prikaz_mzrf_13.10.2017_804n_v24.09.2020_izm26.10.2022.pdf#page=299
Актуальный прайс Directus;113;heleo;HELEO4 — фотодинамическая терапия;Комплекс: лицо/шея/декольте (6 процедур);Условно: требуется подтверждение протокола;;;A22.01.007 | A20.01.005;Фотодинамическая терапия при заболеваниях кожи, подкожно-жировой клетчатки, придатков кожи | Фототерапия кожи;"A22.01.007 — фотодинамическая терапия при указанных в номенклатуре заболеваниях и соответствующем протоколе; A20.01.005 — фототерапия кожи. В описании клиники есть оба режима, а строка прайса режим не уточняет.";https://zubalmaz.ru/wp-content/uploads/2023/11/prikaz_mzrf_13.10.2017_804n_v24.09.2020_izm26.10.2022.pdf#page=308 | https://zubalmaz.ru/wp-content/uploads/2023/11/prikaz_mzrf_13.10.2017_804n_v24.09.2020_izm26.10.2022.pdf#page=299
Актуальный прайс Directus;114;heleo;HELEO4 — фотодинамическая терапия;Комплекс: лицо/шея/декольте (8 процедур);Условно: требуется подтверждение протокола;;;A22.01.007 | A20.01.005;Фотодинамическая терапия при заболеваниях кожи, подкожно-жировой клетчатки, придатков кожи | Фототерапия кожи;"A22.01.007 — фотодинамическая терапия при указанных в номенклатуре заболеваниях и соответствующем протоколе; A20.01.005 — фототерапия кожи. В описании клиники есть оба режима, а строка прайса режим не уточняет.";https://zubalmaz.ru/wp-content/uploads/2023/11/prikaz_mzrf_13.10.2017_804n_v24.09.2020_izm26.10.2022.pdf#page=308 | https://zubalmaz.ru/wp-content/uploads/2023/11/prikaz_mzrf_13.10.2017_804n_v24.09.2020_izm26.10.2022.pdf#page=299
Актуальный прайс Directus;115;heleo;HELEO4 — фотодинамическая терапия;Комплекс: лицо/шея/декольте (10 процедур);Условно: требуется подтверждение протокола;;;A22.01.007 | A20.01.005;Фотодинамическая терапия при заболеваниях кожи, подкожно-жировой клетчатки, придатков кожи | Фототерапия кожи;"A22.01.007 — фотодинамическая терапия при указанных в номенклатуре заболеваниях и соответствующем протоколе; A20.01.005 — фототерапия кожи. В описании клиники есть оба режима, а строка прайса режим не уточняет.";https://zubalmaz.ru/wp-content/uploads/2023/11/prikaz_mzrf_13.10.2017_804n_v24.09.2020_izm26.10.2022.pdf#page=308 | https://zubalmaz.ru/wp-content/uploads/2023/11/prikaz_mzrf_13.10.2017_804n_v24.09.2020_izm26.10.2022.pdf#page=299
Актуальный прайс Directus;116;mezoterapiya-i-biorevitalizaciya;Мезотерапия и биоревитализация;REVI EYE;Условно: требуется подтверждение протокола;;;A11.01.003 | A11.01.012;Внутрикожное введение лекарственных препаратов | Введение искусственных имплантатов в мягкие ткани;"Раздел объединяет разные вмешательства. A11.01.003 — только внутрикожное введение лекарственного препарата; A11.01.012 — введение искусственного имплантата в мягкие ткани. Выбрать по протоколу и регистрационной документации. Название средства само по себе не даёт кода.";https://zubalmaz.ru/wp-content/uploads/2023/11/prikaz_mzrf_13.10.2017_804n_v24.09.2020_izm26.10.2022.pdf#page=115 | https://zubalmaz.ru/wp-content/uploads/2023/11/prikaz_mzrf_13.10.2017_804n_v24.09.2020_izm26.10.2022.pdf#page=115
Актуальный прайс Directus;117;mezoterapiya-i-biorevitalizaciya;Мезотерапия и биоревитализация;REVI STYLE 1 ml;Условно: требуется подтверждение протокола;;;A11.01.003 | A11.01.012;Внутрикожное введение лекарственных препаратов | Введение искусственных имплантатов в мягкие ткани;"Раздел объединяет разные вмешательства. A11.01.003 — только внутрикожное введение лекарственного препарата; A11.01.012 — введение искусственного имплантата в мягкие ткани. Выбрать по протоколу и регистрационной документации. Название средства само по себе не даёт кода.";https://zubalmaz.ru/wp-content/uploads/2023/11/prikaz_mzrf_13.10.2017_804n_v24.09.2020_izm26.10.2022.pdf#page=115 | https://zubalmaz.ru/wp-content/uploads/2023/11/prikaz_mzrf_13.10.2017_804n_v24.09.2020_izm26.10.2022.pdf#page=115
Актуальный прайс Directus;118;mezoterapiya-i-biorevitalizaciya;Мезотерапия и биоревитализация;REVI STYLE 2 ml;Условно: требуется подтверждение протокола;;;A11.01.003 | A11.01.012;Внутрикожное введение лекарственных препаратов | Введение искусственных имплантатов в мягкие ткани;"Раздел объединяет разные вмешательства. A11.01.003 — только внутрикожное введение лекарственного препарата; A11.01.012 — введение искусственного имплантата в мягкие ткани. Выбрать по протоколу и регистрационной документации. Название средства само по себе не даёт кода.";https://zubalmaz.ru/wp-content/uploads/2023/11/prikaz_mzrf_13.10.2017_804n_v24.09.2020_izm26.10.2022.pdf#page=115 | https://zubalmaz.ru/wp-content/uploads/2023/11/prikaz_mzrf_13.10.2017_804n_v24.09.2020_izm26.10.2022.pdf#page=115
Актуальный прайс Directus;119;mezoterapiya-i-biorevitalizaciya;Мезотерапия и биоревитализация;REVI SILK 1 ml;Условно: требуется подтверждение протокола;;;A11.01.003 | A11.01.012;Внутрикожное введение лекарственных препаратов | Введение искусственных имплантатов в мягкие ткани;"Раздел объединяет разные вмешательства. A11.01.003 — только внутрикожное введение лекарственного препарата; A11.01.012 — введение искусственного имплантата в мягкие ткани. Выбрать по протоколу и регистрационной документации. Название средства само по себе не даёт кода.";https://zubalmaz.ru/wp-content/uploads/2023/11/prikaz_mzrf_13.10.2017_804n_v24.09.2020_izm26.10.2022.pdf#page=115 | https://zubalmaz.ru/wp-content/uploads/2023/11/prikaz_mzrf_13.10.2017_804n_v24.09.2020_izm26.10.2022.pdf#page=115
Актуальный прайс Directus;120;mezoterapiya-i-biorevitalizaciya;Мезотерапия и биоревитализация;REVI SILK 2 ml;Условно: требуется подтверждение протокола;;;A11.01.003 | A11.01.012;Внутрикожное введение лекарственных препаратов | Введение искусственных имплантатов в мягкие ткани;"Раздел объединяет разные вмешательства. A11.01.003 — только внутрикожное введение лекарственного препарата; A11.01.012 — введение искусственного имплантата в мягкие ткани. Выбрать по протоколу и регистрационной документации. Название средства само по себе не даёт кода.";https://zubalmaz.ru/wp-content/uploads/2023/11/prikaz_mzrf_13.10.2017_804n_v24.09.2020_izm26.10.2022.pdf#page=115 | https://zubalmaz.ru/wp-content/uploads/2023/11/prikaz_mzrf_13.10.2017_804n_v24.09.2020_izm26.10.2022.pdf#page=115
Актуальный прайс Directus;121;mezoterapiya-i-biorevitalizaciya;Мезотерапия и биоревитализация;REVI STRONG 1 ml;Условно: требуется подтверждение протокола;;;A11.01.003 | A11.01.012;Внутрикожное введение лекарственных препаратов | Введение искусственных имплантатов в мягкие ткани;"Раздел объединяет разные вмешательства. A11.01.003 — только внутрикожное введение лекарственного препарата; A11.01.012 — введение искусственного имплантата в мягкие ткани. Выбрать по протоколу и регистрационной документации. Название средства само по себе не даёт кода.";https://zubalmaz.ru/wp-content/uploads/2023/11/prikaz_mzrf_13.10.2017_804n_v24.09.2020_izm26.10.2022.pdf#page=115 | https://zubalmaz.ru/wp-content/uploads/2023/11/prikaz_mzrf_13.10.2017_804n_v24.09.2020_izm26.10.2022.pdf#page=115
Актуальный прайс Directus;122;mezoterapiya-i-biorevitalizaciya;Мезотерапия и биоревитализация;REVI STRONG 2 ml;Условно: требуется подтверждение протокола;;;A11.01.003 | A11.01.012;Внутрикожное введение лекарственных препаратов | Введение искусственных имплантатов в мягкие ткани;"Раздел объединяет разные вмешательства. A11.01.003 — только внутрикожное введение лекарственного препарата; A11.01.012 — введение искусственного имплантата в мягкие ткани. Выбрать по протоколу и регистрационной документации. Название средства само по себе не даёт кода.";https://zubalmaz.ru/wp-content/uploads/2023/11/prikaz_mzrf_13.10.2017_804n_v24.09.2020_izm26.10.2022.pdf#page=115 | https://zubalmaz.ru/wp-content/uploads/2023/11/prikaz_mzrf_13.10.2017_804n_v24.09.2020_izm26.10.2022.pdf#page=115
Актуальный прайс Directus;123;mezoterapiya-i-biorevitalizaciya;Мезотерапия и биоревитализация;MESOXANTIN 1,5 ml;Условно: требуется подтверждение протокола;;;A11.01.003 | A11.01.012;Внутрикожное введение лекарственных препаратов | Введение искусственных имплантатов в мягкие ткани;"Раздел объединяет разные вмешательства. A11.01.003 — только внутрикожное введение лекарственного препарата; A11.01.012 — введение искусственного имплантата в мягкие ткани. Выбрать по протоколу и регистрационной документации. Название средства само по себе не даёт кода.";https://zubalmaz.ru/wp-content/uploads/2023/11/prikaz_mzrf_13.10.2017_804n_v24.09.2020_izm26.10.2022.pdf#page=115 | https://zubalmaz.ru/wp-content/uploads/2023/11/prikaz_mzrf_13.10.2017_804n_v24.09.2020_izm26.10.2022.pdf#page=115
Актуальный прайс Directus;124;mezoterapiya-i-biorevitalizaciya;Мезотерапия и биоревитализация;MESOEYE 1 ml;Условно: требуется подтверждение протокола;;;A11.01.003 | A11.01.012;Внутрикожное введение лекарственных препаратов | Введение искусственных имплантатов в мягкие ткани;"Раздел объединяет разные вмешательства. A11.01.003 — только внутрикожное введение лекарственного препарата; A11.01.012 — введение искусственного имплантата в мягкие ткани. Выбрать по протоколу и регистрационной документации. Название средства само по себе не даёт кода.";https://zubalmaz.ru/wp-content/uploads/2023/11/prikaz_mzrf_13.10.2017_804n_v24.09.2020_izm26.10.2022.pdf#page=115 | https://zubalmaz.ru/wp-content/uploads/2023/11/prikaz_mzrf_13.10.2017_804n_v24.09.2020_izm26.10.2022.pdf#page=115
Актуальный прайс Directus;125;mezoterapiya-i-biorevitalizaciya;Мезотерапия и биоревитализация;MESOWHARTON 1,5 ml;Условно: требуется подтверждение протокола;;;A11.01.003 | A11.01.012;Внутрикожное введение лекарственных препаратов | Введение искусственных имплантатов в мягкие ткани;"Раздел объединяет разные вмешательства. A11.01.003 — только внутрикожное введение лекарственного препарата; A11.01.012 — введение искусственного имплантата в мягкие ткани. Выбрать по протоколу и регистрационной документации. Название средства само по себе не даёт кода.";https://zubalmaz.ru/wp-content/uploads/2023/11/prikaz_mzrf_13.10.2017_804n_v24.09.2020_izm26.10.2022.pdf#page=115 | https://zubalmaz.ru/wp-content/uploads/2023/11/prikaz_mzrf_13.10.2017_804n_v24.09.2020_izm26.10.2022.pdf#page=115
Актуальный прайс Directus;126;mezoterapiya-i-biorevitalizaciya;Мезотерапия и биоревитализация;NOVACUTAN Sbio 2 ml;Условно: требуется подтверждение протокола;;;A11.01.003 | A11.01.012;Внутрикожное введение лекарственных препаратов | Введение искусственных имплантатов в мягкие ткани;"Раздел объединяет разные вмешательства. A11.01.003 — только внутрикожное введение лекарственного препарата; A11.01.012 — введение искусственного имплантата в мягкие ткани. Выбрать по протоколу и регистрационной документации. Название средства само по себе не даёт кода.";https://zubalmaz.ru/wp-content/uploads/2023/11/prikaz_mzrf_13.10.2017_804n_v24.09.2020_izm26.10.2022.pdf#page=115 | https://zubalmaz.ru/wp-content/uploads/2023/11/prikaz_mzrf_13.10.2017_804n_v24.09.2020_izm26.10.2022.pdf#page=115
Актуальный прайс Directus;127;mezoterapiya-i-biorevitalizaciya;Мезотерапия и биоревитализация;NOVACUTAN Ybio 2 ml;Условно: требуется подтверждение протокола;;;A11.01.003 | A11.01.012;Внутрикожное введение лекарственных препаратов | Введение искусственных имплантатов в мягкие ткани;"Раздел объединяет разные вмешательства. A11.01.003 — только внутрикожное введение лекарственного препарата; A11.01.012 — введение искусственного имплантата в мягкие ткани. Выбрать по протоколу и регистрационной документации. Название средства само по себе не даёт кода.";https://zubalmaz.ru/wp-content/uploads/2023/11/prikaz_mzrf_13.10.2017_804n_v24.09.2020_izm26.10.2022.pdf#page=115 | https://zubalmaz.ru/wp-content/uploads/2023/11/prikaz_mzrf_13.10.2017_804n_v24.09.2020_izm26.10.2022.pdf#page=115
Актуальный прайс Directus;128;mezoterapiya-i-biorevitalizaciya;Мезотерапия и биоревитализация;PROFHILO 2 ml;Условно: требуется подтверждение протокола;;;A11.01.003 | A11.01.012;Внутрикожное введение лекарственных препаратов | Введение искусственных имплантатов в мягкие ткани;"Раздел объединяет разные вмешательства. A11.01.003 — только внутрикожное введение лекарственного препарата; A11.01.012 — введение искусственного имплантата в мягкие ткани. Выбрать по протоколу и регистрационной документации. Название средства само по себе не даёт кода.";https://zubalmaz.ru/wp-content/uploads/2023/11/prikaz_mzrf_13.10.2017_804n_v24.09.2020_izm26.10.2022.pdf#page=115 | https://zubalmaz.ru/wp-content/uploads/2023/11/prikaz_mzrf_13.10.2017_804n_v24.09.2020_izm26.10.2022.pdf#page=115
Актуальный прайс Directus;129;mezoterapiya-i-biorevitalizaciya;Мезотерапия и биоревитализация;STYLAGE HYDRA 1 ml;Условно: требуется подтверждение протокола;;;A11.01.003 | A11.01.012;Внутрикожное введение лекарственных препаратов | Введение искусственных имплантатов в мягкие ткани;"Раздел объединяет разные вмешательства. A11.01.003 — только внутрикожное введение лекарственного препарата; A11.01.012 — введение искусственного имплантата в мягкие ткани. Выбрать по протоколу и регистрационной документации. Название средства само по себе не даёт кода.";https://zubalmaz.ru/wp-content/uploads/2023/11/prikaz_mzrf_13.10.2017_804n_v24.09.2020_izm26.10.2022.pdf#page=115 | https://zubalmaz.ru/wp-content/uploads/2023/11/prikaz_mzrf_13.10.2017_804n_v24.09.2020_izm26.10.2022.pdf#page=115
Актуальный прайс Directus;130;mezoterapiya-i-biorevitalizaciya;Мезотерапия и биоревитализация;JALUPRO 3 ml;Условно: требуется подтверждение протокола;;;A11.01.003 | A11.01.012;Внутрикожное введение лекарственных препаратов | Введение искусственных имплантатов в мягкие ткани;"Раздел объединяет разные вмешательства. A11.01.003 — только внутрикожное введение лекарственного препарата; A11.01.012 — введение искусственного имплантата в мягкие ткани. Выбрать по протоколу и регистрационной документации. Название средства само по себе не даёт кода.";https://zubalmaz.ru/wp-content/uploads/2023/11/prikaz_mzrf_13.10.2017_804n_v24.09.2020_izm26.10.2022.pdf#page=115 | https://zubalmaz.ru/wp-content/uploads/2023/11/prikaz_mzrf_13.10.2017_804n_v24.09.2020_izm26.10.2022.pdf#page=115
Актуальный прайс Directus;131;mezoterapiya-i-biorevitalizaciya;Мезотерапия и биоревитализация;PLINEST FAST 2 ml;Условно: требуется подтверждение протокола;;;A11.01.003 | A11.01.012;Внутрикожное введение лекарственных препаратов | Введение искусственных имплантатов в мягкие ткани;"Раздел объединяет разные вмешательства. A11.01.003 — только внутрикожное введение лекарственного препарата; A11.01.012 — введение искусственного имплантата в мягкие ткани. Выбрать по протоколу и регистрационной документации. Название средства само по себе не даёт кода.";https://zubalmaz.ru/wp-content/uploads/2023/11/prikaz_mzrf_13.10.2017_804n_v24.09.2020_izm26.10.2022.pdf#page=115 | https://zubalmaz.ru/wp-content/uploads/2023/11/prikaz_mzrf_13.10.2017_804n_v24.09.2020_izm26.10.2022.pdf#page=115
Актуальный прайс Directus;132;mezoterapiya-i-biorevitalizaciya;Мезотерапия и биоревитализация;PLINEST 2 ml;Условно: требуется подтверждение протокола;;;A11.01.003 | A11.01.012;Внутрикожное введение лекарственных препаратов | Введение искусственных имплантатов в мягкие ткани;"Раздел объединяет разные вмешательства. A11.01.003 — только внутрикожное введение лекарственного препарата; A11.01.012 — введение искусственного имплантата в мягкие ткани. Выбрать по протоколу и регистрационной документации. Название средства само по себе не даёт кода.";https://zubalmaz.ru/wp-content/uploads/2023/11/prikaz_mzrf_13.10.2017_804n_v24.09.2020_izm26.10.2022.pdf#page=115 | https://zubalmaz.ru/wp-content/uploads/2023/11/prikaz_mzrf_13.10.2017_804n_v24.09.2020_izm26.10.2022.pdf#page=115
Актуальный прайс Directus;133;mezoterapiya-i-biorevitalizaciya;Мезотерапия и биоревитализация;Belotero Hydro 1 ml;Условно: требуется подтверждение протокола;;;A11.01.003 | A11.01.012;Внутрикожное введение лекарственных препаратов | Введение искусственных имплантатов в мягкие ткани;"Раздел объединяет разные вмешательства. A11.01.003 — только внутрикожное введение лекарственного препарата; A11.01.012 — введение искусственного имплантата в мягкие ткани. Выбрать по протоколу и регистрационной документации. Название средства само по себе не даёт кода.";https://zubalmaz.ru/wp-content/uploads/2023/11/prikaz_mzrf_13.10.2017_804n_v24.09.2020_izm26.10.2022.pdf#page=115 | https://zubalmaz.ru/wp-content/uploads/2023/11/prikaz_mzrf_13.10.2017_804n_v24.09.2020_izm26.10.2022.pdf#page=115
Актуальный прайс Directus;134;mezoterapiya-i-biorevitalizaciya;Мезотерапия и биоревитализация;Viscoderm Hydrobooster 1,1 ml;Условно: требуется подтверждение протокола;;;A11.01.003 | A11.01.012;Внутрикожное введение лекарственных препаратов | Введение искусственных имплантатов в мягкие ткани;"Раздел объединяет разные вмешательства. A11.01.003 — только внутрикожное введение лекарственного препарата; A11.01.012 — введение искусственного имплантата в мягкие ткани. Выбрать по протоколу и регистрационной документации. Название средства само по себе не даёт кода.";https://zubalmaz.ru/wp-content/uploads/2023/11/prikaz_mzrf_13.10.2017_804n_v24.09.2020_izm26.10.2022.pdf#page=115 | https://zubalmaz.ru/wp-content/uploads/2023/11/prikaz_mzrf_13.10.2017_804n_v24.09.2020_izm26.10.2022.pdf#page=115
Актуальный прайс Directus;135;mezoterapiya-i-biorevitalizaciya;Мезотерапия и биоревитализация;IALEST 2 ml;Условно: требуется подтверждение протокола;;;A11.01.003 | A11.01.012;Внутрикожное введение лекарственных препаратов | Введение искусственных имплантатов в мягкие ткани;"Раздел объединяет разные вмешательства. A11.01.003 — только внутрикожное введение лекарственного препарата; A11.01.012 — введение искусственного имплантата в мягкие ткани. Выбрать по протоколу и регистрационной документации. Название средства само по себе не даёт кода.";https://zubalmaz.ru/wp-content/uploads/2023/11/prikaz_mzrf_13.10.2017_804n_v24.09.2020_izm26.10.2022.pdf#page=115 | https://zubalmaz.ru/wp-content/uploads/2023/11/prikaz_mzrf_13.10.2017_804n_v24.09.2020_izm26.10.2022.pdf#page=115
Актуальный прайс Directus;136;mezoterapiya-i-biorevitalizaciya;Мезотерапия и биоревитализация;Viscoderm Skinko E 5 ml;Условно: требуется подтверждение протокола;;;A11.01.003 | A11.01.012;Внутрикожное введение лекарственных препаратов | Введение искусственных имплантатов в мягкие ткани;"Раздел объединяет разные вмешательства. A11.01.003 — только внутрикожное введение лекарственного препарата; A11.01.012 — введение искусственного имплантата в мягкие ткани. Выбрать по протоколу и регистрационной документации. Название средства само по себе не даёт кода.";https://zubalmaz.ru/wp-content/uploads/2023/11/prikaz_mzrf_13.10.2017_804n_v24.09.2020_izm26.10.2022.pdf#page=115 | https://zubalmaz.ru/wp-content/uploads/2023/11/prikaz_mzrf_13.10.2017_804n_v24.09.2020_izm26.10.2022.pdf#page=115
Актуальный прайс Directus;137;mezoterapiya-i-biorevitalizaciya;Мезотерапия и биоревитализация;Viscoderm Skinko 5 ml;Условно: требуется подтверждение протокола;;;A11.01.003 | A11.01.012;Внутрикожное введение лекарственных препаратов | Введение искусственных имплантатов в мягкие ткани;"Раздел объединяет разные вмешательства. A11.01.003 — только внутрикожное введение лекарственного препарата; A11.01.012 — введение искусственного имплантата в мягкие ткани. Выбрать по протоколу и регистрационной документации. Название средства само по себе не даёт кода.";https://zubalmaz.ru/wp-content/uploads/2023/11/prikaz_mzrf_13.10.2017_804n_v24.09.2020_izm26.10.2022.pdf#page=115 | https://zubalmaz.ru/wp-content/uploads/2023/11/prikaz_mzrf_13.10.2017_804n_v24.09.2020_izm26.10.2022.pdf#page=115
Актуальный прайс Directus;138;mezoterapiya-i-biorevitalizaciya;Мезотерапия и биоревитализация;NCTF 135, 3 ml;Условно: требуется подтверждение протокола;;;A11.01.003 | A11.01.012;Внутрикожное введение лекарственных препаратов | Введение искусственных имплантатов в мягкие ткани;"Раздел объединяет разные вмешательства. A11.01.003 — только внутрикожное введение лекарственного препарата; A11.01.012 — введение искусственного имплантата в мягкие ткани. Выбрать по протоколу и регистрационной документации. Название средства само по себе не даёт кода.";https://zubalmaz.ru/wp-content/uploads/2023/11/prikaz_mzrf_13.10.2017_804n_v24.09.2020_izm26.10.2022.pdf#page=115 | https://zubalmaz.ru/wp-content/uploads/2023/11/prikaz_mzrf_13.10.2017_804n_v24.09.2020_izm26.10.2022.pdf#page=115
Актуальный прайс Directus;139;mezoterapiya-i-biorevitalizaciya;Мезотерапия и биоревитализация;NCTF 135HA, 3 ml;Условно: требуется подтверждение протокола;;;A11.01.003 | A11.01.012;Внутрикожное введение лекарственных препаратов | Введение искусственных имплантатов в мягкие ткани;"Раздел объединяет разные вмешательства. A11.01.003 — только внутрикожное введение лекарственного препарата; A11.01.012 — введение искусственного имплантата в мягкие ткани. Выбрать по протоколу и регистрационной документации. Название средства само по себе не даёт кода.";https://zubalmaz.ru/wp-content/uploads/2023/11/prikaz_mzrf_13.10.2017_804n_v24.09.2020_izm26.10.2022.pdf#page=115 | https://zubalmaz.ru/wp-content/uploads/2023/11/prikaz_mzrf_13.10.2017_804n_v24.09.2020_izm26.10.2022.pdf#page=115
Актуальный прайс Directus;140;mezoterapiya-i-biorevitalizaciya;Мезотерапия и биоревитализация;NCTF 135HA+, 3 ml;Условно: требуется подтверждение протокола;;;A11.01.003 | A11.01.012;Внутрикожное введение лекарственных препаратов | Введение искусственных имплантатов в мягкие ткани;"Раздел объединяет разные вмешательства. A11.01.003 — только внутрикожное введение лекарственного препарата; A11.01.012 — введение искусственного имплантата в мягкие ткани. Выбрать по протоколу и регистрационной документации. Название средства само по себе не даёт кода.";https://zubalmaz.ru/wp-content/uploads/2023/11/prikaz_mzrf_13.10.2017_804n_v24.09.2020_izm26.10.2022.pdf#page=115 | https://zubalmaz.ru/wp-content/uploads/2023/11/prikaz_mzrf_13.10.2017_804n_v24.09.2020_izm26.10.2022.pdf#page=115
Актуальный прайс Directus;141;mezoterapiya-i-biorevitalizaciya;Мезотерапия и биоревитализация;Hyalrepair-06, 5 ml, анти-акне;Условно: требуется подтверждение протокола;;;A11.01.003 | A11.01.012;Внутрикожное введение лекарственных препаратов | Введение искусственных имплантатов в мягкие ткани;"Раздел объединяет разные вмешательства. A11.01.003 — только внутрикожное введение лекарственного препарата; A11.01.012 — введение искусственного имплантата в мягкие ткани. Выбрать по протоколу и регистрационной документации. Название средства само по себе не даёт кода.";https://zubalmaz.ru/wp-content/uploads/2023/11/prikaz_mzrf_13.10.2017_804n_v24.09.2020_izm26.10.2022.pdf#page=115 | https://zubalmaz.ru/wp-content/uploads/2023/11/prikaz_mzrf_13.10.2017_804n_v24.09.2020_izm26.10.2022.pdf#page=115
Актуальный прайс Directus;142;mezoterapiya-i-biorevitalizaciya;Мезотерапия и биоревитализация;Укрепление / рост волос, 2 ml;Условно: требуется подтверждение протокола;;;A11.01.003 | A11.01.012;Внутрикожное введение лекарственных препаратов | Введение искусственных имплантатов в мягкие ткани;"Раздел объединяет разные вмешательства. A11.01.003 — только внутрикожное введение лекарственного препарата; A11.01.012 — введение искусственного имплантата в мягкие ткани. Выбрать по протоколу и регистрационной документации. Название средства само по себе не даёт кода.";https://zubalmaz.ru/wp-content/uploads/2023/11/prikaz_mzrf_13.10.2017_804n_v24.09.2020_izm26.10.2022.pdf#page=115 | https://zubalmaz.ru/wp-content/uploads/2023/11/prikaz_mzrf_13.10.2017_804n_v24.09.2020_izm26.10.2022.pdf#page=115
Актуальный прайс Directus;143;mezoterapiya-i-biorevitalizaciya;Мезотерапия и биоревитализация;Hair Filler 1 ml;Условно: требуется подтверждение протокола;;;A11.01.003 | A11.01.012;Внутрикожное введение лекарственных препаратов | Введение искусственных имплантатов в мягкие ткани;"Раздел объединяет разные вмешательства. A11.01.003 — только внутрикожное введение лекарственного препарата; A11.01.012 — введение искусственного имплантата в мягкие ткани. Выбрать по протоколу и регистрационной документации. Название средства само по себе не даёт кода.";https://zubalmaz.ru/wp-content/uploads/2023/11/prikaz_mzrf_13.10.2017_804n_v24.09.2020_izm26.10.2022.pdf#page=115 | https://zubalmaz.ru/wp-content/uploads/2023/11/prikaz_mzrf_13.10.2017_804n_v24.09.2020_izm26.10.2022.pdf#page=115
Актуальный прайс Directus;144;mezoterapiya-i-biorevitalizaciya;Мезотерапия и биоревитализация;ASCE;Условно: требуется подтверждение протокола;;;A11.01.003 | A11.01.012;Внутрикожное введение лекарственных препаратов | Введение искусственных имплантатов в мягкие ткани;"Раздел объединяет разные вмешательства. A11.01.003 — только внутрикожное введение лекарственного препарата; A11.01.012 — введение искусственного имплантата в мягкие ткани. Выбрать по протоколу и регистрационной документации. Название средства само по себе не даёт кода.";https://zubalmaz.ru/wp-content/uploads/2023/11/prikaz_mzrf_13.10.2017_804n_v24.09.2020_izm26.10.2022.pdf#page=115 | https://zubalmaz.ru/wp-content/uploads/2023/11/prikaz_mzrf_13.10.2017_804n_v24.09.2020_izm26.10.2022.pdf#page=115
Актуальный прайс Directus;145;konturnaya-plastika;Контурная пластика;Коррекция носогубной складки, 1 ml;Соответствует описанному вмешательству;A11.01.013;Введение искусственных наполнителей в мягкие ткани с целью коррекции формы;;;Для заявленной коррекции формы искусственным наполнителем. Если фактически выполняется иное вмешательство, нужна переклассификация. A16.01.026 — отдельное существующее название «Внутрикожная контурная пластика», не второй обязательный код той же инъекции.;https://zubalmaz.ru/wp-content/uploads/2023/11/prikaz_mzrf_13.10.2017_804n_v24.09.2020_izm26.10.2022.pdf#page=115
Актуальный прайс Directus;146;konturnaya-plastika;Контурная пластика;Коррекция носослезной борозды;Соответствует описанному вмешательству;A11.01.013;Введение искусственных наполнителей в мягкие ткани с целью коррекции формы;;;Для заявленной коррекции формы искусственным наполнителем. Если фактически выполняется иное вмешательство, нужна переклассификация. A16.01.026 — отдельное существующее название «Внутрикожная контурная пластика», не второй обязательный код той же инъекции.;https://zubalmaz.ru/wp-content/uploads/2023/11/prikaz_mzrf_13.10.2017_804n_v24.09.2020_izm26.10.2022.pdf#page=115
Актуальный прайс Directus;147;konturnaya-plastika;Контурная пластика;Яблочки молодости / лифтинг средней трети, 1 ml;Соответствует описанному вмешательству;A11.01.013;Введение искусственных наполнителей в мягкие ткани с целью коррекции формы;;;Для заявленной коррекции формы искусственным наполнителем. Если фактически выполняется иное вмешательство, нужна переклассификация. A16.01.026 — отдельное существующее название «Внутрикожная контурная пластика», не второй обязательный код той же инъекции.;https://zubalmaz.ru/wp-content/uploads/2023/11/prikaz_mzrf_13.10.2017_804n_v24.09.2020_izm26.10.2022.pdf#page=115
Актуальный прайс Directus;148;konturnaya-plastika;Контурная пластика;3D моделирование подбородка, 1 ml;Соответствует описанному вмешательству;A11.01.013;Введение искусственных наполнителей в мягкие ткани с целью коррекции формы;;;Для заявленной коррекции формы искусственным наполнителем. Если фактически выполняется иное вмешательство, нужна переклассификация. A16.01.026 — отдельное существующее название «Внутрикожная контурная пластика», не второй обязательный код той же инъекции.;https://zubalmaz.ru/wp-content/uploads/2023/11/prikaz_mzrf_13.10.2017_804n_v24.09.2020_izm26.10.2022.pdf#page=115
Актуальный прайс Directus;149;konturnaya-plastika;Контурная пластика;Заполнение височной области, 1 ml;Соответствует описанному вмешательству;A11.01.013;Введение искусственных наполнителей в мягкие ткани с целью коррекции формы;;;Для заявленной коррекции формы искусственным наполнителем. Если фактически выполняется иное вмешательство, нужна переклассификация. A16.01.026 — отдельное существующее название «Внутрикожная контурная пластика», не второй обязательный код той же инъекции.;https://zubalmaz.ru/wp-content/uploads/2023/11/prikaz_mzrf_13.10.2017_804n_v24.09.2020_izm26.10.2022.pdf#page=115
Актуальный прайс Directus;150;konturnaya-plastika;Контурная пластика;Бланширование лба, 1 ml;Соответствует описанному вмешательству;A11.01.013;Введение искусственных наполнителей в мягкие ткани с целью коррекции формы;;;Для заявленной коррекции формы искусственным наполнителем. Если фактически выполняется иное вмешательство, нужна переклассификация. A16.01.026 — отдельное существующее название «Внутрикожная контурная пластика», не второй обязательный код той же инъекции.;https://zubalmaz.ru/wp-content/uploads/2023/11/prikaz_mzrf_13.10.2017_804n_v24.09.2020_izm26.10.2022.pdf#page=115
Актуальный прайс Directus;151;konturnaya-plastika;Контурная пластика;Нехирургическая ринопластика;Соответствует описанному вмешательству;A11.01.013;Введение искусственных наполнителей в мягкие ткани с целью коррекции формы;;;Для заявленной коррекции формы искусственным наполнителем. Если фактически выполняется иное вмешательство, нужна переклассификация. A16.01.026 — отдельное существующее название «Внутрикожная контурная пластика», не второй обязательный код той же инъекции.;https://zubalmaz.ru/wp-content/uploads/2023/11/prikaz_mzrf_13.10.2017_804n_v24.09.2020_izm26.10.2022.pdf#page=115
Актуальный прайс Directus;152;konturnaya-plastika;Контурная пластика;Омоложение шеи / кольца Венеры, 1 ml;Соответствует описанному вмешательству;A11.01.013;Введение искусственных наполнителей в мягкие ткани с целью коррекции формы;;;Для заявленной коррекции формы искусственным наполнителем. Если фактически выполняется иное вмешательство, нужна переклассификация. A16.01.026 — отдельное существующее название «Внутрикожная контурная пластика», не второй обязательный код той же инъекции.;https://zubalmaz.ru/wp-content/uploads/2023/11/prikaz_mzrf_13.10.2017_804n_v24.09.2020_izm26.10.2022.pdf#page=115
Актуальный прайс Directus;153;konturnaya-plastika;Контурная пластика;Коррекция мочек уха;Соответствует описанному вмешательству;A11.01.013;Введение искусственных наполнителей в мягкие ткани с целью коррекции формы;;;Для заявленной коррекции формы искусственным наполнителем. Если фактически выполняется иное вмешательство, нужна переклассификация. A16.01.026 — отдельное существующее название «Внутрикожная контурная пластика», не второй обязательный код той же инъекции.;https://zubalmaz.ru/wp-content/uploads/2023/11/prikaz_mzrf_13.10.2017_804n_v24.09.2020_izm26.10.2022.pdf#page=115
Актуальный прайс Directus;154;konturnaya-plastika;Контурная пластика;Full face, 3 ml;Соответствует описанному вмешательству;A11.01.013;Введение искусственных наполнителей в мягкие ткани с целью коррекции формы;;;Для заявленной коррекции формы искусственным наполнителем. Если фактически выполняется иное вмешательство, нужна переклассификация. A16.01.026 — отдельное существующее название «Внутрикожная контурная пластика», не второй обязательный код той же инъекции.;https://zubalmaz.ru/wp-content/uploads/2023/11/prikaz_mzrf_13.10.2017_804n_v24.09.2020_izm26.10.2022.pdf#page=115
Актуальный прайс Directus;155;konturnaya-plastika;Контурная пластика;Full face, 4 ml;Соответствует описанному вмешательству;A11.01.013;Введение искусственных наполнителей в мягкие ткани с целью коррекции формы;;;Для заявленной коррекции формы искусственным наполнителем. Если фактически выполняется иное вмешательство, нужна переклассификация. A16.01.026 — отдельное существующее название «Внутрикожная контурная пластика», не второй обязательный код той же инъекции.;https://zubalmaz.ru/wp-content/uploads/2023/11/prikaz_mzrf_13.10.2017_804n_v24.09.2020_izm26.10.2022.pdf#page=115
Актуальный прайс Directus;156;konturnaya-plastika;Контурная пластика;Full face, 5 ml;Соответствует описанному вмешательству;A11.01.013;Введение искусственных наполнителей в мягкие ткани с целью коррекции формы;;;Для заявленной коррекции формы искусственным наполнителем. Если фактически выполняется иное вмешательство, нужна переклассификация. A16.01.026 — отдельное существующее название «Внутрикожная контурная пластика», не второй обязательный код той же инъекции.;https://zubalmaz.ru/wp-content/uploads/2023/11/prikaz_mzrf_13.10.2017_804n_v24.09.2020_izm26.10.2022.pdf#page=115
Актуальный прайс Directus;157;konturnaya-plastika;Контурная пластика;Full face, 6 ml;Соответствует описанному вмешательству;A11.01.013;Введение искусственных наполнителей в мягкие ткани с целью коррекции формы;;;Для заявленной коррекции формы искусственным наполнителем. Если фактически выполняется иное вмешательство, нужна переклассификация. A16.01.026 — отдельное существующее название «Внутрикожная контурная пластика», не второй обязательный код той же инъекции.;https://zubalmaz.ru/wp-content/uploads/2023/11/prikaz_mzrf_13.10.2017_804n_v24.09.2020_izm26.10.2022.pdf#page=115
Актуальный прайс Directus;158;konturnaya-plastika;Контурная пластика;Belotero lips contur, 0,6 ml;Соответствует описанному вмешательству;A11.01.013;Введение искусственных наполнителей в мягкие ткани с целью коррекции формы;;;Для заявленной коррекции формы искусственным наполнителем. Если фактически выполняется иное вмешательство, нужна переклассификация. A16.01.026 — отдельное существующее название «Внутрикожная контурная пластика», не второй обязательный код той же инъекции.;https://zubalmaz.ru/wp-content/uploads/2023/11/prikaz_mzrf_13.10.2017_804n_v24.09.2020_izm26.10.2022.pdf#page=115
Актуальный прайс Directus;159;konturnaya-plastika;Контурная пластика;Belotero Intense, 1 ml;Соответствует описанному вмешательству;A11.01.013;Введение искусственных наполнителей в мягкие ткани с целью коррекции формы;;;Для заявленной коррекции формы искусственным наполнителем. Если фактически выполняется иное вмешательство, нужна переклассификация. A16.01.026 — отдельное существующее название «Внутрикожная контурная пластика», не второй обязательный код той же инъекции.;https://zubalmaz.ru/wp-content/uploads/2023/11/prikaz_mzrf_13.10.2017_804n_v24.09.2020_izm26.10.2022.pdf#page=115
Актуальный прайс Directus;160;konturnaya-plastika;Контурная пластика;Stylage M Lidocaine, 1 ml;Соответствует описанному вмешательству;A11.01.013;Введение искусственных наполнителей в мягкие ткани с целью коррекции формы;;;Для заявленной коррекции формы искусственным наполнителем. Если фактически выполняется иное вмешательство, нужна переклассификация. A16.01.026 — отдельное существующее название «Внутрикожная контурная пластика», не второй обязательный код той же инъекции.;https://zubalmaz.ru/wp-content/uploads/2023/11/prikaz_mzrf_13.10.2017_804n_v24.09.2020_izm26.10.2022.pdf#page=115
Актуальный прайс Directus;161;konturnaya-plastika;Контурная пластика;Stylage M, 1 ml;Соответствует описанному вмешательству;A11.01.013;Введение искусственных наполнителей в мягкие ткани с целью коррекции формы;;;Для заявленной коррекции формы искусственным наполнителем. Если фактически выполняется иное вмешательство, нужна переклассификация. A16.01.026 — отдельное существующее название «Внутрикожная контурная пластика», не второй обязательный код той же инъекции.;https://zubalmaz.ru/wp-content/uploads/2023/11/prikaz_mzrf_13.10.2017_804n_v24.09.2020_izm26.10.2022.pdf#page=115
Актуальный прайс Directus;162;konturnaya-plastika;Контурная пластика;Stylage S, 0,8 ml;Соответствует описанному вмешательству;A11.01.013;Введение искусственных наполнителей в мягкие ткани с целью коррекции формы;;;Для заявленной коррекции формы искусственным наполнителем. Если фактически выполняется иное вмешательство, нужна переклассификация. A16.01.026 — отдельное существующее название «Внутрикожная контурная пластика», не второй обязательный код той же инъекции.;https://zubalmaz.ru/wp-content/uploads/2023/11/prikaz_mzrf_13.10.2017_804n_v24.09.2020_izm26.10.2022.pdf#page=115
Актуальный прайс Directus;163;konturnaya-plastika;Контурная пластика;Stylage Special lips;Соответствует описанному вмешательству;A11.01.013;Введение искусственных наполнителей в мягкие ткани с целью коррекции формы;;;Для заявленной коррекции формы искусственным наполнителем. Если фактически выполняется иное вмешательство, нужна переклассификация. A16.01.026 — отдельное существующее название «Внутрикожная контурная пластика», не второй обязательный код той же инъекции.;https://zubalmaz.ru/wp-content/uploads/2023/11/prikaz_mzrf_13.10.2017_804n_v24.09.2020_izm26.10.2022.pdf#page=115
Актуальный прайс Directus;164;konturnaya-plastika;Контурная пластика;Увлажнение губ Stylage Hydro max;Условно: требуется подтверждение протокола;;;A11.01.003 | A11.01.012 | A11.01.013;Внутрикожное введение лекарственных препаратов | Введение искусственных имплантатов в мягкие ткани | Введение искусственных наполнителей в мягкие ткани с целью коррекции формы;Увлажнение губ не подтверждает коррекцию формы. Уточнить вмешательство, слой введения, назначение и регистрационную категорию вводимого материала.;https://zubalmaz.ru/wp-content/uploads/2023/11/prikaz_mzrf_13.10.2017_804n_v24.09.2020_izm26.10.2022.pdf#page=115 | https://zubalmaz.ru/wp-content/uploads/2023/11/prikaz_mzrf_13.10.2017_804n_v24.09.2020_izm26.10.2022.pdf#page=115 | https://zubalmaz.ru/wp-content/uploads/2023/11/prikaz_mzrf_13.10.2017_804n_v24.09.2020_izm26.10.2022.pdf#page=115
Актуальный прайс Directus;165;konturnaya-plastika;Контурная пластика;Aliaxin Lv, 1 ml;Соответствует описанному вмешательству;A11.01.013;Введение искусственных наполнителей в мягкие ткани с целью коррекции формы;;;Для заявленной коррекции формы искусственным наполнителем. Если фактически выполняется иное вмешательство, нужна переклассификация. A16.01.026 — отдельное существующее название «Внутрикожная контурная пластика», не второй обязательный код той же инъекции.;https://zubalmaz.ru/wp-content/uploads/2023/11/prikaz_mzrf_13.10.2017_804n_v24.09.2020_izm26.10.2022.pdf#page=115
Актуальный прайс Directus;166;konturnaya-plastika;Контурная пластика;Лонгидаза, 1 доза;Условно: требуется подтверждение протокола;;;A11.01.002 | A11.01.003;Подкожное введение лекарственных препаратов | Внутрикожное введение лекарственных препаратов;Это не введение наполнителя. Нужны цель и путь введения: подкожный или внутрикожный. Код выбирается по фактическому вмешательству, а не по названию средства.;https://zubalmaz.ru/wp-content/uploads/2023/11/prikaz_mzrf_13.10.2017_804n_v24.09.2020_izm26.10.2022.pdf#page=115 | https://zubalmaz.ru/wp-content/uploads/2023/11/prikaz_mzrf_13.10.2017_804n_v24.09.2020_izm26.10.2022.pdf#page=115
Актуальный прайс Directus;167;konturnaya-plastika;Контурная пластика;Лонгидаза, 2 дозы;Условно: требуется подтверждение протокола;;;A11.01.002 | A11.01.003;Подкожное введение лекарственных препаратов | Внутрикожное введение лекарственных препаратов;Это не введение наполнителя. Нужны цель и путь введения: подкожный или внутрикожный. Код выбирается по фактическому вмешательству, а не по названию средства.;https://zubalmaz.ru/wp-content/uploads/2023/11/prikaz_mzrf_13.10.2017_804n_v24.09.2020_izm26.10.2022.pdf#page=115 | https://zubalmaz.ru/wp-content/uploads/2023/11/prikaz_mzrf_13.10.2017_804n_v24.09.2020_izm26.10.2022.pdf#page=115
Актуальный прайс Directus;168;botullinoterapiya;Ботулинотерапия;Межбровье;Условно: требуется подтверждение протокола;;;A11.02.002 | A11.01.003;Внутримышечное введение лекарственных препаратов | Внутрикожное введение лекарственных препаратов;"A11.02.002 — при внутримышечном введении, A11.01.003 — при внутрикожном. Требуется путь введения для конкретного протокола; зона и единицы токсина этого не доказывают.";https://zubalmaz.ru/wp-content/uploads/2023/11/prikaz_mzrf_13.10.2017_804n_v24.09.2020_izm26.10.2022.pdf#page=115 | https://zubalmaz.ru/wp-content/uploads/2023/11/prikaz_mzrf_13.10.2017_804n_v24.09.2020_izm26.10.2022.pdf#page=115
Актуальный прайс Directus;169;botullinoterapiya;Ботулинотерапия;Лоб + межбровье;Условно: требуется подтверждение протокола;;;A11.02.002 | A11.01.003;Внутримышечное введение лекарственных препаратов | Внутрикожное введение лекарственных препаратов;"A11.02.002 — при внутримышечном введении, A11.01.003 — при внутрикожном. Требуется путь введения для конкретного протокола; зона и единицы токсина этого не доказывают.";https://zubalmaz.ru/wp-content/uploads/2023/11/prikaz_mzrf_13.10.2017_804n_v24.09.2020_izm26.10.2022.pdf#page=115 | https://zubalmaz.ru/wp-content/uploads/2023/11/prikaz_mzrf_13.10.2017_804n_v24.09.2020_izm26.10.2022.pdf#page=115
Актуальный прайс Directus;170;botullinoterapiya;Ботулинотерапия;Уголки глаз «гусиные лапки»;Условно: требуется подтверждение протокола;;;A11.02.002 | A11.01.003;Внутримышечное введение лекарственных препаратов | Внутрикожное введение лекарственных препаратов;"A11.02.002 — при внутримышечном введении, A11.01.003 — при внутрикожном. Требуется путь введения для конкретного протокола; зона и единицы токсина этого не доказывают.";https://zubalmaz.ru/wp-content/uploads/2023/11/prikaz_mzrf_13.10.2017_804n_v24.09.2020_izm26.10.2022.pdf#page=115 | https://zubalmaz.ru/wp-content/uploads/2023/11/prikaz_mzrf_13.10.2017_804n_v24.09.2020_izm26.10.2022.pdf#page=115
Актуальный прайс Directus;171;botullinoterapiya;Ботулинотерапия;Спинка носа;Условно: требуется подтверждение протокола;;;A11.02.002 | A11.01.003;Внутримышечное введение лекарственных препаратов | Внутрикожное введение лекарственных препаратов;"A11.02.002 — при внутримышечном введении, A11.01.003 — при внутрикожном. Требуется путь введения для конкретного протокола; зона и единицы токсина этого не доказывают.";https://zubalmaz.ru/wp-content/uploads/2023/11/prikaz_mzrf_13.10.2017_804n_v24.09.2020_izm26.10.2022.pdf#page=115 | https://zubalmaz.ru/wp-content/uploads/2023/11/prikaz_mzrf_13.10.2017_804n_v24.09.2020_izm26.10.2022.pdf#page=115
Актуальный прайс Directus;172;botullinoterapiya;Ботулинотерапия;5 в 1: лоб + брови + межбровье + глаза + нос;Условно: требуется подтверждение протокола;;;A11.02.002 | A11.01.003;Внутримышечное введение лекарственных препаратов | Внутрикожное введение лекарственных препаратов;"A11.02.002 — при внутримышечном введении, A11.01.003 — при внутрикожном. Требуется путь введения для конкретного протокола; зона и единицы токсина этого не доказывают.";https://zubalmaz.ru/wp-content/uploads/2023/11/prikaz_mzrf_13.10.2017_804n_v24.09.2020_izm26.10.2022.pdf#page=115 | https://zubalmaz.ru/wp-content/uploads/2023/11/prikaz_mzrf_13.10.2017_804n_v24.09.2020_izm26.10.2022.pdf#page=115
Актуальный прайс Directus;173;botullinoterapiya;Ботулинотерапия;Крылья носа;Условно: требуется подтверждение протокола;;;A11.02.002 | A11.01.003;Внутримышечное введение лекарственных препаратов | Внутрикожное введение лекарственных препаратов;"A11.02.002 — при внутримышечном введении, A11.01.003 — при внутрикожном. Требуется путь введения для конкретного протокола; зона и единицы токсина этого не доказывают.";https://zubalmaz.ru/wp-content/uploads/2023/11/prikaz_mzrf_13.10.2017_804n_v24.09.2020_izm26.10.2022.pdf#page=115 | https://zubalmaz.ru/wp-content/uploads/2023/11/prikaz_mzrf_13.10.2017_804n_v24.09.2020_izm26.10.2022.pdf#page=115
Актуальный прайс Directus;174;botullinoterapiya;Ботулинотерапия;Подбородок;Условно: требуется подтверждение протокола;;;A11.02.002 | A11.01.003;Внутримышечное введение лекарственных препаратов | Внутрикожное введение лекарственных препаратов;"A11.02.002 — при внутримышечном введении, A11.01.003 — при внутрикожном. Требуется путь введения для конкретного протокола; зона и единицы токсина этого не доказывают.";https://zubalmaz.ru/wp-content/uploads/2023/11/prikaz_mzrf_13.10.2017_804n_v24.09.2020_izm26.10.2022.pdf#page=115 | https://zubalmaz.ru/wp-content/uploads/2023/11/prikaz_mzrf_13.10.2017_804n_v24.09.2020_izm26.10.2022.pdf#page=115
Актуальный прайс Directus;175;botullinoterapiya;Ботулинотерапия;Лечение десневой (гингивальной) улыбки;Условно: требуется подтверждение протокола;;;A11.02.002 | A11.01.003;Внутримышечное введение лекарственных препаратов | Внутрикожное введение лекарственных препаратов;"A11.02.002 — при внутримышечном введении, A11.01.003 — при внутрикожном. Требуется путь введения для конкретного протокола; зона и единицы токсина этого не доказывают.";https://zubalmaz.ru/wp-content/uploads/2023/11/prikaz_mzrf_13.10.2017_804n_v24.09.2020_izm26.10.2022.pdf#page=115 | https://zubalmaz.ru/wp-content/uploads/2023/11/prikaz_mzrf_13.10.2017_804n_v24.09.2020_izm26.10.2022.pdf#page=115
Актуальный прайс Directus;176;botullinoterapiya;Ботулинотерапия;Поднятие уголков рта;Условно: требуется подтверждение протокола;;;A11.02.002 | A11.01.003;Внутримышечное введение лекарственных препаратов | Внутрикожное введение лекарственных препаратов;"A11.02.002 — при внутримышечном введении, A11.01.003 — при внутрикожном. Требуется путь введения для конкретного протокола; зона и единицы токсина этого не доказывают.";https://zubalmaz.ru/wp-content/uploads/2023/11/prikaz_mzrf_13.10.2017_804n_v24.09.2020_izm26.10.2022.pdf#page=115 | https://zubalmaz.ru/wp-content/uploads/2023/11/prikaz_mzrf_13.10.2017_804n_v24.09.2020_izm26.10.2022.pdf#page=115
Актуальный прайс Directus;177;botullinoterapiya;Ботулинотерапия;Кончик носа;Условно: требуется подтверждение протокола;;;A11.02.002 | A11.01.003;Внутримышечное введение лекарственных препаратов | Внутрикожное введение лекарственных препаратов;"A11.02.002 — при внутримышечном введении, A11.01.003 — при внутрикожном. Требуется путь введения для конкретного протокола; зона и единицы токсина этого не доказывают.";https://zubalmaz.ru/wp-content/uploads/2023/11/prikaz_mzrf_13.10.2017_804n_v24.09.2020_izm26.10.2022.pdf#page=115 | https://zubalmaz.ru/wp-content/uploads/2023/11/prikaz_mzrf_13.10.2017_804n_v24.09.2020_izm26.10.2022.pdf#page=115
Актуальный прайс Directus;178;botullinoterapiya;Ботулинотерапия;Лифтинг бровей;Условно: требуется подтверждение протокола;;;A11.02.002 | A11.01.003;Внутримышечное введение лекарственных препаратов | Внутрикожное введение лекарственных препаратов;"A11.02.002 — при внутримышечном введении, A11.01.003 — при внутрикожном. Требуется путь введения для конкретного протокола; зона и единицы токсина этого не доказывают.";https://zubalmaz.ru/wp-content/uploads/2023/11/prikaz_mzrf_13.10.2017_804n_v24.09.2020_izm26.10.2022.pdf#page=115 | https://zubalmaz.ru/wp-content/uploads/2023/11/prikaz_mzrf_13.10.2017_804n_v24.09.2020_izm26.10.2022.pdf#page=115
Актуальный прайс Directus;179;botullinoterapiya;Ботулинотерапия;Шея (тяжи платизмы);Условно: требуется подтверждение протокола;;;A11.02.002 | A11.01.003;Внутримышечное введение лекарственных препаратов | Внутрикожное введение лекарственных препаратов;"A11.02.002 — при внутримышечном введении, A11.01.003 — при внутрикожном. Требуется путь введения для конкретного протокола; зона и единицы токсина этого не доказывают.";https://zubalmaz.ru/wp-content/uploads/2023/11/prikaz_mzrf_13.10.2017_804n_v24.09.2020_izm26.10.2022.pdf#page=115 | https://zubalmaz.ru/wp-content/uploads/2023/11/prikaz_mzrf_13.10.2017_804n_v24.09.2020_izm26.10.2022.pdf#page=115
Актуальный прайс Directus;180;botullinoterapiya;Ботулинотерапия;Коррекция нижней челюсти (бруксизм);Условно: требуется подтверждение протокола;;;A11.02.002 | A11.01.003;Внутримышечное введение лекарственных препаратов | Внутрикожное введение лекарственных препаратов;"A11.02.002 — при внутримышечном введении, A11.01.003 — при внутрикожном. Требуется путь введения для конкретного протокола; зона и единицы токсина этого не доказывают.";https://zubalmaz.ru/wp-content/uploads/2023/11/prikaz_mzrf_13.10.2017_804n_v24.09.2020_izm26.10.2022.pdf#page=115 | https://zubalmaz.ru/wp-content/uploads/2023/11/prikaz_mzrf_13.10.2017_804n_v24.09.2020_izm26.10.2022.pdf#page=115
Актуальный прайс Directus;181;botullinoterapiya;Ботулинотерапия;Коррекция через 2 недели, 1 ед (миотокс);Условно: требуется подтверждение протокола;;;A11.02.002 | A11.01.003;Внутримышечное введение лекарственных препаратов | Внутрикожное введение лекарственных препаратов;"A11.02.002 — при внутримышечном введении, A11.01.003 — при внутрикожном. Требуется путь введения для конкретного протокола; зона и единицы токсина этого не доказывают.";https://zubalmaz.ru/wp-content/uploads/2023/11/prikaz_mzrf_13.10.2017_804n_v24.09.2020_izm26.10.2022.pdf#page=115 | https://zubalmaz.ru/wp-content/uploads/2023/11/prikaz_mzrf_13.10.2017_804n_v24.09.2020_izm26.10.2022.pdf#page=115
Актуальный прайс Directus;182;botullinoterapiya;Ботулинотерапия;Коррекция через 2 недели, 1 ед (диспорт);Условно: требуется подтверждение протокола;;;A11.02.002 | A11.01.003;Внутримышечное введение лекарственных препаратов | Внутрикожное введение лекарственных препаратов;"A11.02.002 — при внутримышечном введении, A11.01.003 — при внутрикожном. Требуется путь введения для конкретного протокола; зона и единицы токсина этого не доказывают.";https://zubalmaz.ru/wp-content/uploads/2023/11/prikaz_mzrf_13.10.2017_804n_v24.09.2020_izm26.10.2022.pdf#page=115 | https://zubalmaz.ru/wp-content/uploads/2023/11/prikaz_mzrf_13.10.2017_804n_v24.09.2020_izm26.10.2022.pdf#page=115
Актуальный прайс Directus;183;botullinoterapiya;Ботулинотерапия;Лечение гипергидроза подмышки/стопы/ладони;Условно: требуется подтверждение протокола;;;A11.01.003;Внутрикожное введение лекарственных препаратов;Подходит при подтверждённом внутрикожном введении лекарственного препарата. Нельзя переносить код внутримышечной инъекции из остальных строк ботулинотерапии.;https://zubalmaz.ru/wp-content/uploads/2023/11/prikaz_mzrf_13.10.2017_804n_v24.09.2020_izm26.10.2022.pdf#page=115
Актуальный прайс Directus;184;botullinoterapiya;Ботулинотерапия;Мужская ботулинотерапия;Условно: требуется подтверждение протокола;;;A11.02.002 | A11.01.003;Внутримышечное введение лекарственных препаратов | Внутрикожное введение лекарственных препаратов;"A11.02.002 — при внутримышечном введении, A11.01.003 — при внутрикожном. Требуется путь введения для конкретного протокола; зона и единицы токсина этого не доказывают.";https://zubalmaz.ru/wp-content/uploads/2023/11/prikaz_mzrf_13.10.2017_804n_v24.09.2020_izm26.10.2022.pdf#page=115 | https://zubalmaz.ru/wp-content/uploads/2023/11/prikaz_mzrf_13.10.2017_804n_v24.09.2020_izm26.10.2022.pdf#page=115
Актуальный прайс Directus;185;plazmoterapiya-plazmolifting;Плазмотерапия (плазмолифтинг);Лицо;Код не установлен по имеющимся данным;;;;;Для всей PRP-процедуры однозначный код не установлен. Аутоплазму нельзя автоматически считать лекарственным препаратом или искусственным наполнителем. A11.12.009 описывает только взятие крови, не всю плазмотерапию.;
Актуальный прайс Directus;186;plazmoterapiya-plazmolifting;Плазмотерапия (плазмолифтинг);Шея + декольте;Код не установлен по имеющимся данным;;;;;Для всей PRP-процедуры однозначный код не установлен. Аутоплазму нельзя автоматически считать лекарственным препаратом или искусственным наполнителем. A11.12.009 описывает только взятие крови, не всю плазмотерапию.;
Актуальный прайс Directus;187;plazmoterapiya-plazmolifting;Плазмотерапия (плазмолифтинг);Волосистая часть головы;Код не установлен по имеющимся данным;;;;;Для всей PRP-процедуры однозначный код не установлен. Аутоплазму нельзя автоматически считать лекарственным препаратом или искусственным наполнителем. A11.12.009 описывает только взятие крови, не всю плазмотерапию.;
Актуальный прайс Directus;188;plazmoterapiya-plazmolifting;Плазмотерапия (плазмолифтинг);Кисти рук (обе руки);Код не установлен по имеющимся данным;;;;;Для всей PRP-процедуры однозначный код не установлен. Аутоплазму нельзя автоматически считать лекарственным препаратом или искусственным наполнителем. A11.12.009 описывает только взятие крови, не всю плазмотерапию.;
Актуальный прайс Directus;189;lipolitiki;Липолитики;SLIM BODY / MPX, 5 мл;Условно: требуется подтверждение протокола;;;A11.01.002;Подкожное введение лекарственных препаратов;"Только для подкожного введения лекарственного препарата. Сначала подтвердить путь введения и регистрационный статус применяемого средства; код не подтверждает допустимость инъекционного применения косметики.";https://zubalmaz.ru/wp-content/uploads/2023/11/prikaz_mzrf_13.10.2017_804n_v24.09.2020_izm26.10.2022.pdf#page=115
Актуальный прайс Directus;190;lipolitiki;Липолитики;LIGHTFIT, 2 мл;Условно: требуется подтверждение протокола;;;A11.01.002;Подкожное введение лекарственных препаратов;"Только для подкожного введения лекарственного препарата. Сначала подтвердить путь введения и регистрационный статус применяемого средства; код не подтверждает допустимость инъекционного применения косметики.";https://zubalmaz.ru/wp-content/uploads/2023/11/prikaz_mzrf_13.10.2017_804n_v24.09.2020_izm26.10.2022.pdf#page=115
Актуальный прайс Directus;191;droppers;Капельницы (IV-терапия);Стройное тело;Соответствует описанному вмешательству;A11.12.003;Внутривенное введение лекарственных препаратов;;;Для заявленного внутривенного введения лекарственных препаратов. Это код введения, не лечебного эффекта программы. A11.12.003.001 — отдельный подвид непрерывного введения, выбирать при соответствующем протоколе. Курс — количество процедур, не новый код.;https://zubalmaz.ru/wp-content/uploads/2023/11/prikaz_mzrf_13.10.2017_804n_v24.09.2020_izm26.10.2022.pdf#page=120
Актуальный прайс Directus;192;droppers;Капельницы (IV-терапия);Стройное тело (курс 5 капельниц);Соответствует описанному вмешательству;A11.12.003;Внутривенное введение лекарственных препаратов;;;Для заявленного внутривенного введения лекарственных препаратов. Это код введения, не лечебного эффекта программы. A11.12.003.001 — отдельный подвид непрерывного введения, выбирать при соответствующем протоколе. Курс — количество процедур, не новый код.;https://zubalmaz.ru/wp-content/uploads/2023/11/prikaz_mzrf_13.10.2017_804n_v24.09.2020_izm26.10.2022.pdf#page=120
Актуальный прайс Directus;193;droppers;Капельницы (IV-терапия);Красивые волосы;Соответствует описанному вмешательству;A11.12.003;Внутривенное введение лекарственных препаратов;;;Для заявленного внутривенного введения лекарственных препаратов. Это код введения, не лечебного эффекта программы. A11.12.003.001 — отдельный подвид непрерывного введения, выбирать при соответствующем протоколе. Курс — количество процедур, не новый код.;https://zubalmaz.ru/wp-content/uploads/2023/11/prikaz_mzrf_13.10.2017_804n_v24.09.2020_izm26.10.2022.pdf#page=120
Актуальный прайс Directus;194;droppers;Капельницы (IV-терапия);Красивые волосы (курс 5 капельниц);Соответствует описанному вмешательству;A11.12.003;Внутривенное введение лекарственных препаратов;;;Для заявленного внутривенного введения лекарственных препаратов. Это код введения, не лечебного эффекта программы. A11.12.003.001 — отдельный подвид непрерывного введения, выбирать при соответствующем протоколе. Курс — количество процедур, не новый код.;https://zubalmaz.ru/wp-content/uploads/2023/11/prikaz_mzrf_13.10.2017_804n_v24.09.2020_izm26.10.2022.pdf#page=120
Актуальный прайс Directus;195;droppers;Капельницы (IV-терапия);Золушка;Соответствует описанному вмешательству;A11.12.003;Внутривенное введение лекарственных препаратов;;;Для заявленного внутривенного введения лекарственных препаратов. Это код введения, не лечебного эффекта программы. A11.12.003.001 — отдельный подвид непрерывного введения, выбирать при соответствующем протоколе. Курс — количество процедур, не новый код.;https://zubalmaz.ru/wp-content/uploads/2023/11/prikaz_mzrf_13.10.2017_804n_v24.09.2020_izm26.10.2022.pdf#page=120
Актуальный прайс Directus;196;droppers;Капельницы (IV-терапия);Золушка (курс 5 капельниц);Соответствует описанному вмешательству;A11.12.003;Внутривенное введение лекарственных препаратов;;;Для заявленного внутривенного введения лекарственных препаратов. Это код введения, не лечебного эффекта программы. A11.12.003.001 — отдельный подвид непрерывного введения, выбирать при соответствующем протоколе. Курс — количество процедур, не новый код.;https://zubalmaz.ru/wp-content/uploads/2023/11/prikaz_mzrf_13.10.2017_804n_v24.09.2020_izm26.10.2022.pdf#page=120
Актуальный прайс Directus;197;droppers;Капельницы (IV-терапия);Бодрость;Соответствует описанному вмешательству;A11.12.003;Внутривенное введение лекарственных препаратов;;;Для заявленного внутривенного введения лекарственных препаратов. Это код введения, не лечебного эффекта программы. A11.12.003.001 — отдельный подвид непрерывного введения, выбирать при соответствующем протоколе. Курс — количество процедур, не новый код.;https://zubalmaz.ru/wp-content/uploads/2023/11/prikaz_mzrf_13.10.2017_804n_v24.09.2020_izm26.10.2022.pdf#page=120
Актуальный прайс Directus;198;droppers;Капельницы (IV-терапия);Бодрость (курс 5 капельниц);Соответствует описанному вмешательству;A11.12.003;Внутривенное введение лекарственных препаратов;;;Для заявленного внутривенного введения лекарственных препаратов. Это код введения, не лечебного эффекта программы. A11.12.003.001 — отдельный подвид непрерывного введения, выбирать при соответствующем протоколе. Курс — количество процедур, не новый код.;https://zubalmaz.ru/wp-content/uploads/2023/11/prikaz_mzrf_13.10.2017_804n_v24.09.2020_izm26.10.2022.pdf#page=120
Актуальный прайс Directus;199;droppers;Капельницы (IV-терапия);Антистресс;Соответствует описанному вмешательству;A11.12.003;Внутривенное введение лекарственных препаратов;;;Для заявленного внутривенного введения лекарственных препаратов. Это код введения, не лечебного эффекта программы. A11.12.003.001 — отдельный подвид непрерывного введения, выбирать при соответствующем протоколе. Курс — количество процедур, не новый код.;https://zubalmaz.ru/wp-content/uploads/2023/11/prikaz_mzrf_13.10.2017_804n_v24.09.2020_izm26.10.2022.pdf#page=120
Актуальный прайс Directus;200;droppers;Капельницы (IV-терапия);Антистресс (курс 5 капельниц);Соответствует описанному вмешательству;A11.12.003;Внутривенное введение лекарственных препаратов;;;Для заявленного внутривенного введения лекарственных препаратов. Это код введения, не лечебного эффекта программы. A11.12.003.001 — отдельный подвид непрерывного введения, выбирать при соответствующем протоколе. Курс — количество процедур, не новый код.;https://zubalmaz.ru/wp-content/uploads/2023/11/prikaz_mzrf_13.10.2017_804n_v24.09.2020_izm26.10.2022.pdf#page=120
Актуальный прайс Directus;201;droppers;Капельницы (IV-терапия);Детокс;Соответствует описанному вмешательству;A11.12.003;Внутривенное введение лекарственных препаратов;;;Для заявленного внутривенного введения лекарственных препаратов. Это код введения, не лечебного эффекта программы. A11.12.003.001 — отдельный подвид непрерывного введения, выбирать при соответствующем протоколе. Курс — количество процедур, не новый код.;https://zubalmaz.ru/wp-content/uploads/2023/11/prikaz_mzrf_13.10.2017_804n_v24.09.2020_izm26.10.2022.pdf#page=120
Актуальный прайс Directus;202;droppers;Капельницы (IV-терапия);Детокс (курс 5 капельниц);Соответствует описанному вмешательству;A11.12.003;Внутривенное введение лекарственных препаратов;;;Для заявленного внутривенного введения лекарственных препаратов. Это код введения, не лечебного эффекта программы. A11.12.003.001 — отдельный подвид непрерывного введения, выбирать при соответствующем протоколе. Курс — количество процедур, не новый код.;https://zubalmaz.ru/wp-content/uploads/2023/11/prikaz_mzrf_13.10.2017_804n_v24.09.2020_izm26.10.2022.pdf#page=120
Актуальный прайс Directus;203;droppers;Капельницы (IV-терапия);Железная леди;Соответствует описанному вмешательству;A11.12.003;Внутривенное введение лекарственных препаратов;;;Для заявленного внутривенного введения лекарственных препаратов. Это код введения, не лечебного эффекта программы. A11.12.003.001 — отдельный подвид непрерывного введения, выбирать при соответствующем протоколе. Курс — количество процедур, не новый код.;https://zubalmaz.ru/wp-content/uploads/2023/11/prikaz_mzrf_13.10.2017_804n_v24.09.2020_izm26.10.2022.pdf#page=120
Актуальный прайс Directus;204;droppers;Капельницы (IV-терапия);Железная леди (курс 5 капельниц);Соответствует описанному вмешательству;A11.12.003;Внутривенное введение лекарственных препаратов;;;Для заявленного внутривенного введения лекарственных препаратов. Это код введения, не лечебного эффекта программы. A11.12.003.001 — отдельный подвид непрерывного введения, выбирать при соответствующем протоколе. Курс — количество процедур, не новый код.;https://zubalmaz.ru/wp-content/uploads/2023/11/prikaz_mzrf_13.10.2017_804n_v24.09.2020_izm26.10.2022.pdf#page=120
Актуальный прайс Directus;205;droppers;Капельницы (IV-терапия);Лаеннек, 2 ml;Соответствует описанному вмешательству;A11.12.003;Внутривенное введение лекарственных препаратов;;;Для заявленного внутривенного введения лекарственных препаратов. Это код введения, не лечебного эффекта программы. A11.12.003.001 — отдельный подвид непрерывного введения, выбирать при соответствующем протоколе. Курс — количество процедур, не новый код.;https://zubalmaz.ru/wp-content/uploads/2023/11/prikaz_mzrf_13.10.2017_804n_v24.09.2020_izm26.10.2022.pdf#page=120
Актуальный прайс Directus;206;droppers;Капельницы (IV-терапия);Лаеннек, 2 ml (курс 5 капельниц);Соответствует описанному вмешательству;A11.12.003;Внутривенное введение лекарственных препаратов;;;Для заявленного внутривенного введения лекарственных препаратов. Это код введения, не лечебного эффекта программы. A11.12.003.001 — отдельный подвид непрерывного введения, выбирать при соответствующем протоколе. Курс — количество процедур, не новый код.;https://zubalmaz.ru/wp-content/uploads/2023/11/prikaz_mzrf_13.10.2017_804n_v24.09.2020_izm26.10.2022.pdf#page=120
Актуальный прайс Directus;207;droppers;Капельницы (IV-терапия);Лаеннек, 4 ml;Соответствует описанному вмешательству;A11.12.003;Внутривенное введение лекарственных препаратов;;;Для заявленного внутривенного введения лекарственных препаратов. Это код введения, не лечебного эффекта программы. A11.12.003.001 — отдельный подвид непрерывного введения, выбирать при соответствующем протоколе. Курс — количество процедур, не новый код.;https://zubalmaz.ru/wp-content/uploads/2023/11/prikaz_mzrf_13.10.2017_804n_v24.09.2020_izm26.10.2022.pdf#page=120
Актуальный прайс Directus;208;droppers;Капельницы (IV-терапия);Лаеннек, 4 ml (курс 5 капельниц);Соответствует описанному вмешательству;A11.12.003;Внутривенное введение лекарственных препаратов;;;Для заявленного внутривенного введения лекарственных препаратов. Это код введения, не лечебного эффекта программы. A11.12.003.001 — отдельный подвид непрерывного введения, выбирать при соответствующем протоколе. Курс — количество процедур, не новый код.;https://zubalmaz.ru/wp-content/uploads/2023/11/prikaz_mzrf_13.10.2017_804n_v24.09.2020_izm26.10.2022.pdf#page=120
Актуальный прайс Directus;209;uhodovye-procedury;Уходовые процедуры;Экспресс-уход «Sparkling» PRXT33;Условно: требуется подтверждение протокола;;;A16.01.024;Дерматологический пилинг;Если основное вмешательство — дерматологический пилинг. Для всей экспресс-программы нужно описание этапов.;https://zubalmaz.ru/wp-content/uploads/2023/11/prikaz_mzrf_13.10.2017_804n_v24.09.2020_izm26.10.2022.pdf#page=153
Актуальный прайс Directus;210;uhodovye-procedury;Уходовые процедуры;Моделирующая процедура с королевской маской;Код не установлен по имеющимся данным;;;;;Моделирующая/лифтинг-программа и маска не раскрывают медицинское вмешательство. Нельзя автоматически использовать код парафиновой маски или медицинского массажа.;
Актуальный прайс Directus;211;uhodovye-procedury;Уходовые процедуры;Лифтинг-программа объёмного 3D моделирования;Код не установлен по имеющимся данным;;;;;Моделирующая/лифтинг-программа и маска не раскрывают медицинское вмешательство. Нельзя автоматически использовать код парафиновой маски или медицинского массажа.;
Актуальный прайс Directus;212;kosemotologicheskie-pilingi;Косметологические пилинги;BIOREPEEL;Соответствует описанному вмешательству;A16.01.024;Дерматологический пилинг;;;Для заявленного в каталоге дерматологического пилинга. Марка состава не изменяет код услуги.;https://zubalmaz.ru/wp-content/uploads/2023/11/prikaz_mzrf_13.10.2017_804n_v24.09.2020_izm26.10.2022.pdf#page=153
Актуальный прайс Directus;213;kosemotologicheskie-pilingi;Косметологические пилинги;PRXT33;Соответствует описанному вмешательству;A16.01.024;Дерматологический пилинг;;;Для заявленного в каталоге дерматологического пилинга. Марка состава не изменяет код услуги.;https://zubalmaz.ru/wp-content/uploads/2023/11/prikaz_mzrf_13.10.2017_804n_v24.09.2020_izm26.10.2022.pdf#page=153
Актуальный прайс Directus;214;kosemotologicheskie-pilingi;Косметологические пилинги;PEECH PEEL;Соответствует описанному вмешательству;A16.01.024;Дерматологический пилинг;;;Для заявленного в каталоге дерматологического пилинга. Марка состава не изменяет код услуги.;https://zubalmaz.ru/wp-content/uploads/2023/11/prikaz_mzrf_13.10.2017_804n_v24.09.2020_izm26.10.2022.pdf#page=153
Актуальный прайс Directus;215;kosemotologicheskie-pilingi;Косметологические пилинги;Миндальный Enerpeel;Соответствует описанному вмешательству;A16.01.024;Дерматологический пилинг;;;Для заявленного в каталоге дерматологического пилинга. Марка состава не изменяет код услуги.;https://zubalmaz.ru/wp-content/uploads/2023/11/prikaz_mzrf_13.10.2017_804n_v24.09.2020_izm26.10.2022.pdf#page=153
Актуальный прайс Directus;216;kosemotologicheskie-pilingi;Косметологические пилинги;Джесснера Enerpeel;Соответствует описанному вмешательству;A16.01.024;Дерматологический пилинг;;;Для заявленного в каталоге дерматологического пилинга. Марка состава не изменяет код услуги.;https://zubalmaz.ru/wp-content/uploads/2023/11/prikaz_mzrf_13.10.2017_804n_v24.09.2020_izm26.10.2022.pdf#page=153
Актуальный прайс Directus;217;kosemotologicheskie-pilingi;Косметологические пилинги;Салициловый Enerpeel;Соответствует описанному вмешательству;A16.01.024;Дерматологический пилинг;;;Для заявленного в каталоге дерматологического пилинга. Марка состава не изменяет код услуги.;https://zubalmaz.ru/wp-content/uploads/2023/11/prikaz_mzrf_13.10.2017_804n_v24.09.2020_izm26.10.2022.pdf#page=153
Актуальный прайс Directus;218;kosemotologicheskie-pilingi;Косметологические пилинги;Жёлтый пилинг Tizo (США);Соответствует описанному вмешательству;A16.01.024;Дерматологический пилинг;;;Для заявленного в каталоге дерматологического пилинга. Марка состава не изменяет код услуги.;https://zubalmaz.ru/wp-content/uploads/2023/11/prikaz_mzrf_13.10.2017_804n_v24.09.2020_izm26.10.2022.pdf#page=153
Актуальный прайс Directus;219;kosemotologicheskie-pilingi;Косметологические пилинги;МИЛАЙН: от пигментации, лицо;Условно: требуется подтверждение протокола;;;A16.01.024;Дерматологический пилинг;"Только если это дерматологический пилинг. Название отбеливающей программы само по себе не подтверждает вмешательство; для интимных зон уточнить кожу/слизистую и метод.";https://zubalmaz.ru/wp-content/uploads/2023/11/prikaz_mzrf_13.10.2017_804n_v24.09.2020_izm26.10.2022.pdf#page=153
Актуальный прайс Directus;220;kosemotologicheskie-pilingi;Косметологические пилинги;МИЛАЙН: осветление вокруг глаз;Условно: требуется подтверждение протокола;;;A16.01.024;Дерматологический пилинг;"Только если это дерматологический пилинг. Название отбеливающей программы само по себе не подтверждает вмешательство; для интимных зон уточнить кожу/слизистую и метод.";https://zubalmaz.ru/wp-content/uploads/2023/11/prikaz_mzrf_13.10.2017_804n_v24.09.2020_izm26.10.2022.pdf#page=153
Актуальный прайс Directus;221;kosemotologicheskie-pilingi;Косметологические пилинги;МИЛАЙН: отбеливание подмышечных впадин;Условно: требуется подтверждение протокола;;;A16.01.024;Дерматологический пилинг;"Только если это дерматологический пилинг. Название отбеливающей программы само по себе не подтверждает вмешательство; для интимных зон уточнить кожу/слизистую и метод.";https://zubalmaz.ru/wp-content/uploads/2023/11/prikaz_mzrf_13.10.2017_804n_v24.09.2020_izm26.10.2022.pdf#page=153
Актуальный прайс Directus;222;kosemotologicheskie-pilingi;Косметологические пилинги;МИЛАЙН: отбеливание интимных зон;Условно: требуется подтверждение протокола;;;A16.01.024;Дерматологический пилинг;"Только если это дерматологический пилинг. Название отбеливающей программы само по себе не подтверждает вмешательство; для интимных зон уточнить кожу/слизистую и метод.";https://zubalmaz.ru/wp-content/uploads/2023/11/prikaz_mzrf_13.10.2017_804n_v24.09.2020_izm26.10.2022.pdf#page=153
Актуальный прайс Directus;223;kosmetologicheskie-chistki;Косметологические чистки;Комбинированная чистка лица;Условно: требуется подтверждение протокола;;;A14.01.009 | A14.01.010 | A22.01.001.002;Удаление камедонов кожи | Удаление милиумов кожи | Ультразвуковой пилинг;"Коды отдельных фактически выполняемых этапов: удаление комедонов/милиумов, ультразвуковой пилинг. Это не готовый набор для каждой чистки; нужны состав и метод. A14.01.005 не использован как универсальный код всей услуги.";https://zubalmaz.ru/wp-content/uploads/2023/11/prikaz_mzrf_13.10.2017_804n_v24.09.2020_izm26.10.2022.pdf#page=146 | https://zubalmaz.ru/wp-content/uploads/2023/11/prikaz_mzrf_13.10.2017_804n_v24.09.2020_izm26.10.2022.pdf#page=146 | https://zubalmaz.ru/wp-content/uploads/2023/11/prikaz_mzrf_13.10.2017_804n_v24.09.2020_izm26.10.2022.pdf#page=308
Актуальный прайс Directus;224;kosmetologicheskie-chistki;Косметологические чистки;Чистка спины, 1 степень;Условно: требуется подтверждение протокола;;;A14.01.009 | A14.01.010 | A22.01.001.002;Удаление камедонов кожи | Удаление милиумов кожи | Ультразвуковой пилинг;"Коды отдельных фактически выполняемых этапов: удаление комедонов/милиумов, ультразвуковой пилинг. Это не готовый набор для каждой чистки; нужны состав и метод. A14.01.005 не использован как универсальный код всей услуги.";https://zubalmaz.ru/wp-content/uploads/2023/11/prikaz_mzrf_13.10.2017_804n_v24.09.2020_izm26.10.2022.pdf#page=146 | https://zubalmaz.ru/wp-content/uploads/2023/11/prikaz_mzrf_13.10.2017_804n_v24.09.2020_izm26.10.2022.pdf#page=146 | https://zubalmaz.ru/wp-content/uploads/2023/11/prikaz_mzrf_13.10.2017_804n_v24.09.2020_izm26.10.2022.pdf#page=308
Актуальный прайс Directus;225;kosmetologicheskie-chistki;Косметологические чистки;Чистка спины, 2 степень;Условно: требуется подтверждение протокола;;;A14.01.009 | A14.01.010 | A22.01.001.002;Удаление камедонов кожи | Удаление милиумов кожи | Ультразвуковой пилинг;"Коды отдельных фактически выполняемых этапов: удаление комедонов/милиумов, ультразвуковой пилинг. Это не готовый набор для каждой чистки; нужны состав и метод. A14.01.005 не использован как универсальный код всей услуги.";https://zubalmaz.ru/wp-content/uploads/2023/11/prikaz_mzrf_13.10.2017_804n_v24.09.2020_izm26.10.2022.pdf#page=146 | https://zubalmaz.ru/wp-content/uploads/2023/11/prikaz_mzrf_13.10.2017_804n_v24.09.2020_izm26.10.2022.pdf#page=146 | https://zubalmaz.ru/wp-content/uploads/2023/11/prikaz_mzrf_13.10.2017_804n_v24.09.2020_izm26.10.2022.pdf#page=308
Каталог без строки цены;;maski;Маски;;Код не установлен по имеющимся данным;;;;;"В каталоге увлажняющие, успокаивающие и альгинатные маски. A20.01.001 означает именно парафиновую маску; универсального кода всем перечисленным маскам не назначено.";
Каталог без строки цены;;microtoki;Sensitec — удаление новообразований;;Условно: требуется подтверждение протокола;;;A16.01.017 | A16.01.017.001;Удаление доброкачественных новообразований кожи | Удаление доброкачественных новообразований кожи методом электрокоагуляции;"Несмотря на slug microtoki, название — Sensitec, удаление новообразований. Общий код — только для доброкачественных новообразований кожи; подвид .001 — только при электрокоагуляции. Нужны диагноз и метод.";https://zubalmaz.ru/wp-content/uploads/2023/11/prikaz_mzrf_13.10.2017_804n_v24.09.2020_izm26.10.2022.pdf#page=152 | https://zubalmaz.ru/wp-content/uploads/2023/11/prikaz_mzrf_13.10.2017_804n_v24.09.2020_izm26.10.2022.pdf#page=152
"Архив прайса 17.04.2026; актуальность не подтверждена";;dermatology-consultation;Дерматология / Косметология;Косметологическая консультация первичная;Соответствует описанному вмешательству;B01.008.003;Прием (осмотр, консультация) врача-косметолога первичный;;;"Приём врача-косметолога; статус главного врача не создаёт отдельный код услуги.";https://zubalmaz.ru/wp-content/uploads/2023/11/prikaz_mzrf_13.10.2017_804n_v24.09.2020_izm26.10.2022.pdf#page=444
"Архив прайса 17.04.2026; актуальность не подтверждена";;dermatology-consultation;Дерматология / Косметология;Косметологическая консультация повторная;Соответствует описанному вмешательству;B01.008.004;Прием (осмотр, консультация) врача-косметолога повторный;;;"Приём врача-косметолога; статус главного врача не создаёт отдельный код услуги.";https://zubalmaz.ru/wp-content/uploads/2023/11/prikaz_mzrf_13.10.2017_804n_v24.09.2020_izm26.10.2022.pdf#page=444
"Архив прайса 17.04.2026; актуальность не подтверждена";;trichology-consultation;Трихологическая консультация;Трихологическая консультация первичная;Условно: требуется подтверждение протокола;;;B01.008.001;Прием (осмотр, консультация) врача-дерматовенеролога первичный;"Если приём ведёт врач-дерматовенеролог. Требуется подтверждение специальности; название «трихолог» само по себе этого не устанавливает.";https://zubalmaz.ru/wp-content/uploads/2023/11/prikaz_mzrf_13.10.2017_804n_v24.09.2020_izm26.10.2022.pdf#page=444
"Архив прайса 17.04.2026; актуальность не подтверждена";;trichology-consultation;Трихологическая консультация;Трихологическая консультация повторная;Условно: требуется подтверждение протокола;;;B01.008.002;Прием (осмотр, консультация) врача-дерматовенеролога повторный;"Если приём ведёт врач-дерматовенеролог. Требуется подтверждение специальности; название «трихолог» само по себе этого не устанавливает.";https://zubalmaz.ru/wp-content/uploads/2023/11/prikaz_mzrf_13.10.2017_804n_v24.09.2020_izm26.10.2022.pdf#page=444
"Архив прайса 17.04.2026; актуальность не подтверждена";;collagen-therapy;Коллагенотерапия;Linerase;Условно: требуется подтверждение протокола;;;A11.01.012 | A11.01.013 | A11.01.003;Введение искусственных имплантатов в мягкие ткани | Введение искусственных наполнителей в мягкие ткани с целью коррекции формы | Внутрикожное введение лекарственных препаратов;Коллагенотерапия/стимуляция коллагена — цель или торговое описание. Код зависит от вмешательства: имплантат, наполнитель для коррекции формы либо внутрикожное введение лекарства. Сочетания с плазмой требуют отдельного описания.;https://zubalmaz.ru/wp-content/uploads/2023/11/prikaz_mzrf_13.10.2017_804n_v24.09.2020_izm26.10.2022.pdf#page=115 | https://zubalmaz.ru/wp-content/uploads/2023/11/prikaz_mzrf_13.10.2017_804n_v24.09.2020_izm26.10.2022.pdf#page=115 | https://zubalmaz.ru/wp-content/uploads/2023/11/prikaz_mzrf_13.10.2017_804n_v24.09.2020_izm26.10.2022.pdf#page=115
"Архив прайса 17.04.2026; актуальность не подтверждена";;collagen-therapy;Коллагенотерапия;Nithya;Условно: требуется подтверждение протокола;;;A11.01.012 | A11.01.013 | A11.01.003;Введение искусственных имплантатов в мягкие ткани | Введение искусственных наполнителей в мягкие ткани с целью коррекции формы | Внутрикожное введение лекарственных препаратов;Коллагенотерапия/стимуляция коллагена — цель или торговое описание. Код зависит от вмешательства: имплантат, наполнитель для коррекции формы либо внутрикожное введение лекарства. Сочетания с плазмой требуют отдельного описания.;https://zubalmaz.ru/wp-content/uploads/2023/11/prikaz_mzrf_13.10.2017_804n_v24.09.2020_izm26.10.2022.pdf#page=115 | https://zubalmaz.ru/wp-content/uploads/2023/11/prikaz_mzrf_13.10.2017_804n_v24.09.2020_izm26.10.2022.pdf#page=115 | https://zubalmaz.ru/wp-content/uploads/2023/11/prikaz_mzrf_13.10.2017_804n_v24.09.2020_izm26.10.2022.pdf#page=115
"Архив прайса 17.04.2026; актуальность не подтверждена";;collagen-therapy;Коллагенотерапия;Collost micro 5 ml;Условно: требуется подтверждение протокола;;;A11.01.012 | A11.01.013 | A11.01.003;Введение искусственных имплантатов в мягкие ткани | Введение искусственных наполнителей в мягкие ткани с целью коррекции формы | Внутрикожное введение лекарственных препаратов;Коллагенотерапия/стимуляция коллагена — цель или торговое описание. Код зависит от вмешательства: имплантат, наполнитель для коррекции формы либо внутрикожное введение лекарства. Сочетания с плазмой требуют отдельного описания.;https://zubalmaz.ru/wp-content/uploads/2023/11/prikaz_mzrf_13.10.2017_804n_v24.09.2020_izm26.10.2022.pdf#page=115 | https://zubalmaz.ru/wp-content/uploads/2023/11/prikaz_mzrf_13.10.2017_804n_v24.09.2020_izm26.10.2022.pdf#page=115 | https://zubalmaz.ru/wp-content/uploads/2023/11/prikaz_mzrf_13.10.2017_804n_v24.09.2020_izm26.10.2022.pdf#page=115
"Архив прайса 17.04.2026; актуальность не подтверждена";;collagen-therapy;Коллагенотерапия;Collost micro 5 ml + плазма;Условно: требуется подтверждение протокола;;;A11.01.012 | A11.01.013 | A11.01.003;Введение искусственных имплантатов в мягкие ткани | Введение искусственных наполнителей в мягкие ткани с целью коррекции формы | Внутрикожное введение лекарственных препаратов;Коллагенотерапия/стимуляция коллагена — цель или торговое описание. Код зависит от вмешательства: имплантат, наполнитель для коррекции формы либо внутрикожное введение лекарства. Сочетания с плазмой требуют отдельного описания.;https://zubalmaz.ru/wp-content/uploads/2023/11/prikaz_mzrf_13.10.2017_804n_v24.09.2020_izm26.10.2022.pdf#page=115 | https://zubalmaz.ru/wp-content/uploads/2023/11/prikaz_mzrf_13.10.2017_804n_v24.09.2020_izm26.10.2022.pdf#page=115 | https://zubalmaz.ru/wp-content/uploads/2023/11/prikaz_mzrf_13.10.2017_804n_v24.09.2020_izm26.10.2022.pdf#page=115
"Архив прайса 17.04.2026; актуальность не подтверждена";;collagen-therapy;Коллагенотерапия;Collost micro 5 ml + NCTF/Scinco E;Условно: требуется подтверждение протокола;;;A11.01.012 | A11.01.013 | A11.01.003;Введение искусственных имплантатов в мягкие ткани | Введение искусственных наполнителей в мягкие ткани с целью коррекции формы | Внутрикожное введение лекарственных препаратов;Коллагенотерапия/стимуляция коллагена — цель или торговое описание. Код зависит от вмешательства: имплантат, наполнитель для коррекции формы либо внутрикожное введение лекарства. Сочетания с плазмой требуют отдельного описания.;https://zubalmaz.ru/wp-content/uploads/2023/11/prikaz_mzrf_13.10.2017_804n_v24.09.2020_izm26.10.2022.pdf#page=115 | https://zubalmaz.ru/wp-content/uploads/2023/11/prikaz_mzrf_13.10.2017_804n_v24.09.2020_izm26.10.2022.pdf#page=115 | https://zubalmaz.ru/wp-content/uploads/2023/11/prikaz_mzrf_13.10.2017_804n_v24.09.2020_izm26.10.2022.pdf#page=115
"Архив прайса 17.04.2026; актуальность не подтверждена";;stimulators;Стимуляторы коллагена;AestheFill 10 ml;Условно: требуется подтверждение протокола;;;A11.01.012 | A11.01.013 | A11.01.003;Введение искусственных имплантатов в мягкие ткани | Введение искусственных наполнителей в мягкие ткани с целью коррекции формы | Внутрикожное введение лекарственных препаратов;Коллагенотерапия/стимуляция коллагена — цель или торговое описание. Код зависит от вмешательства: имплантат, наполнитель для коррекции формы либо внутрикожное введение лекарства. Сочетания с плазмой требуют отдельного описания.;https://zubalmaz.ru/wp-content/uploads/2023/11/prikaz_mzrf_13.10.2017_804n_v24.09.2020_izm26.10.2022.pdf#page=115 | https://zubalmaz.ru/wp-content/uploads/2023/11/prikaz_mzrf_13.10.2017_804n_v24.09.2020_izm26.10.2022.pdf#page=115 | https://zubalmaz.ru/wp-content/uploads/2023/11/prikaz_mzrf_13.10.2017_804n_v24.09.2020_izm26.10.2022.pdf#page=115
"Архив прайса 17.04.2026; актуальность не подтверждена";;stimulators;Стимуляторы коллагена;Sculptra 10 ml;Условно: требуется подтверждение протокола;;;A11.01.012 | A11.01.013 | A11.01.003;Введение искусственных имплантатов в мягкие ткани | Введение искусственных наполнителей в мягкие ткани с целью коррекции формы | Внутрикожное введение лекарственных препаратов;Коллагенотерапия/стимуляция коллагена — цель или торговое описание. Код зависит от вмешательства: имплантат, наполнитель для коррекции формы либо внутрикожное введение лекарства. Сочетания с плазмой требуют отдельного описания.;https://zubalmaz.ru/wp-content/uploads/2023/11/prikaz_mzrf_13.10.2017_804n_v24.09.2020_izm26.10.2022.pdf#page=115 | https://zubalmaz.ru/wp-content/uploads/2023/11/prikaz_mzrf_13.10.2017_804n_v24.09.2020_izm26.10.2022.pdf#page=115 | https://zubalmaz.ru/wp-content/uploads/2023/11/prikaz_mzrf_13.10.2017_804n_v24.09.2020_izm26.10.2022.pdf#page=115
"Архив прайса 17.04.2026; актуальность не подтверждена";;stimulators;Стимуляторы коллагена;Juvelook / Lenisna 10 ml;Условно: требуется подтверждение протокола;;;A11.01.012 | A11.01.013 | A11.01.003;Введение искусственных имплантатов в мягкие ткани | Введение искусственных наполнителей в мягкие ткани с целью коррекции формы | Внутрикожное введение лекарственных препаратов;Коллагенотерапия/стимуляция коллагена — цель или торговое описание. Код зависит от вмешательства: имплантат, наполнитель для коррекции формы либо внутрикожное введение лекарства. Сочетания с плазмой требуют отдельного описания.;https://zubalmaz.ru/wp-content/uploads/2023/11/prikaz_mzrf_13.10.2017_804n_v24.09.2020_izm26.10.2022.pdf#page=115 | https://zubalmaz.ru/wp-content/uploads/2023/11/prikaz_mzrf_13.10.2017_804n_v24.09.2020_izm26.10.2022.pdf#page=115 | https://zubalmaz.ru/wp-content/uploads/2023/11/prikaz_mzrf_13.10.2017_804n_v24.09.2020_izm26.10.2022.pdf#page=115
"Архив прайса 17.04.2026; актуальность не подтверждена";;injection-extra;Дополнительно (инъекции);Анестезия 1 зона;Условно: требуется подтверждение протокола;;;B01.003.004.001;Местная анестезия;Местная анестезия: подтвердить фактический метод и то, как этап включён в услугу. «1 зона» метод не определяет.;https://zubalmaz.ru/wp-content/uploads/2023/11/prikaz_mzrf_13.10.2017_804n_v24.09.2020_izm26.10.2022.pdf#page=442
"Архив прайса 17.04.2026; актуальность не подтверждена";;injection-extra;Дополнительно (инъекции);Канюля 1 шт;Расходный материал, не отдельное вмешательство;;;;;Канюля — расходный материал. Не подменять кодом катетеризации или самостоятельной инъекции.;
"Архив прайса 17.04.2026; актуальность не подтверждена";;aesthetic-extra;Дополнительно (эстетика);Прокалывание ушей (с серьгами);Соответствует описанному вмешательству;A21.01.010;Пирсинг;;;Пирсинг. Серьги — включённый материал, не отдельный код медицинского вмешательства.;https://zubalmaz.ru/wp-content/uploads/2023/11/prikaz_mzrf_13.10.2017_804n_v24.09.2020_izm26.10.2022.pdf#page=303
